Area Code,Area Code (M49),Area,Item Code,Item,Element Code,Element,Year Code,Year,Unit,Value,Flag
100,'356,India,5061,Synthetic Fertilizers,7275,Cropland nutrient flow,1961,1961,tonnes,249800.0,A
100,'356,India,5061,Synthetic Fertilizers,7275,Cropland nutrient flow,1962,1962,tonnes,333000.0,A
100,'356,India,5061,Synthetic Fertilizers,7275,Cropland nutrient flow,1963,1963,tonnes,376800.0,A
100,'356,India,5061,Synthetic Fertilizers,7275,Cropland nutrient flow,1964,1964,tonnes,555200.0,A
100,'356,India,5061,Synthetic Fertilizers,7275,Cropland nutrient flow,1965,1965,tonnes,574800.0,A
100,'356,India,5061,Synthetic Fertilizers,7275,Cropland nutrient flow,1966,1966,tonnes,737800.0,A
100,'356,India,5061,Synthetic Fertilizers,7275,Cropland nutrient flow,1967,1967,tonnes,1034600.0,A
100,'356,India,5061,Synthetic Fertilizers,7275,Cropland nutrient flow,1968,1968,tonnes,1208600.0,A
100,'356,India,5061,Synthetic Fertilizers,7275,Cropland nutrient flow,1969,1969,tonnes,1356000.0,A
100,'356,India,5061,Synthetic Fertilizers,7275,Cropland nutrient flow,1970,1970,tonnes,1479000.0,A
100,'356,India,5061,Synthetic Fertilizers,7275,Cropland nutrient flow,1971,1971,tonnes,1798000.0,A
100,'356,India,5061,Synthetic Fertilizers,7275,Cropland nutrient flow,1972,1972,tonnes,1839000.0,A
100,'356,India,5061,Synthetic Fertilizers,7275,Cropland nutrient flow,1973,1973,tonnes,1829000.0,A
100,'356,India,5061,Synthetic Fertilizers,7275,Cropland nutrient flow,1974,1974,tonnes,1765700.0,A
100,'356,India,5061,Synthetic Fertilizers,7275,Cropland nutrient flow,1975,1975,tonnes,2748600.0,A
100,'356,India,5061,Synthetic Fertilizers,7275,Cropland nutrient flow,1976,1976,tonnes,2456900.0,A
100,'356,India,5061,Synthetic Fertilizers,7275,Cropland nutrient flow,1977,1977,tonnes,2913000.0,A
100,'356,India,5061,Synthetic Fertilizers,7275,Cropland nutrient flow,1978,1978,tonnes,3419500.0,A
100,'356,India,5061,Synthetic Fertilizers,7275,Cropland nutrient flow,1979,1979,tonnes,3498100.0,A
100,'356,India,5061,Synthetic Fertilizers,7275,Cropland nutrient flow,1980,1980,tonnes,3678100.0,A
100,'356,India,5061,Synthetic Fertilizers,7275,Cropland nutrient flow,1981,1981,tonnes,4068700.0,A
100,'356,India,5061,Synthetic Fertilizers,7275,Cropland nutrient flow,1982,1982,tonnes,4042900.0,X
100,'356,India,5061,Synthetic Fertilizers,7275,Cropland nutrient flow,1983,1983,tonnes,4637300.0,X
100,'356,India,5061,Synthetic Fertilizers,7275,Cropland nutrient flow,1984,1984,tonnes,5333300.0,X
100,'356,India,5061,Synthetic Fertilizers,7275,Cropland nutrient flow,1985,1985,tonnes,5750000.0,X
100,'356,India,5061,Synthetic Fertilizers,7275,Cropland nutrient flow,1986,1986,tonnes,6528700.0,X
100,'356,India,5061,Synthetic Fertilizers,7275,Cropland nutrient flow,1987,1987,tonnes,5702900.0,X
100,'356,India,5061,Synthetic Fertilizers,7275,Cropland nutrient flow,1988,1988,tonnes,7157500.0,X
100,'356,India,5061,Synthetic Fertilizers,7275,Cropland nutrient flow,1989,1989,tonnes,7150900.0,X
100,'356,India,5061,Synthetic Fertilizers,7275,Cropland nutrient flow,1990,1990,tonnes,7565500.0,X
100,'356,India,5061,Synthetic Fertilizers,7275,Cropland nutrient flow,1991,1991,tonnes,8046272.0,A
100,'356,India,5061,Synthetic Fertilizers,7275,Cropland nutrient flow,1992,1992,tonnes,8426735.0,A
100,'356,India,5061,Synthetic Fertilizers,7275,Cropland nutrient flow,1993,1993,tonnes,8778871.0,A
100,'356,India,5061,Synthetic Fertilizers,7275,Cropland nutrient flow,1994,1994,tonnes,9507169.0,A
100,'356,India,5061,Synthetic Fertilizers,7275,Cropland nutrient flow,1995,1995,tonnes,9822852.0,A
100,'356,India,5061,Synthetic Fertilizers,7275,Cropland nutrient flow,1996,1996,tonnes,10315919.0,A
100,'356,India,5061,Synthetic Fertilizers,7275,Cropland nutrient flow,1997,1997,tonnes,10901899.0,A
100,'356,India,5061,Synthetic Fertilizers,7275,Cropland nutrient flow,1998,1998,tonnes,11353755.0,A
100,'356,India,5061,Synthetic Fertilizers,7275,Cropland nutrient flow,1999,1999,tonnes,11586250.0,A
100,'356,India,5061,Synthetic Fertilizers,7275,Cropland nutrient flow,2000,2000,tonnes,10920200.0,A
100,'356,India,5061,Synthetic Fertilizers,7275,Cropland nutrient flow,2001,2001,tonnes,11310175.0,A
100,'356,India,5061,Synthetic Fertilizers,7275,Cropland nutrient flow,2002,2002,tonnes,10469210.0,A
100,'356,India,5061,Synthetic Fertilizers,7275,Cropland nutrient flow,2003,2003,tonnes,11077861.0,A
100,'356,India,5061,Synthetic Fertilizers,7275,Cropland nutrient flow,2004,2004,tonnes,11712729.0,A
100,'356,India,5061,Synthetic Fertilizers,7275,Cropland nutrient flow,2005,2005,tonnes,12723910.0,A
100,'356,India,5061,Synthetic Fertilizers,7275,Cropland nutrient flow,2006,2006,tonnes,13760868.0,A
100,'356,India,5061,Synthetic Fertilizers,7275,Cropland nutrient flow,2007,2007,tonnes,14417665.0,A
100,'356,India,5061,Synthetic Fertilizers,7275,Cropland nutrient flow,2008,2008,tonnes,14863815.0,A
100,'356,India,5061,Synthetic Fertilizers,7275,Cropland nutrient flow,2009,2009,tonnes,15558372.0,A
100,'356,India,5061,Synthetic Fertilizers,7275,Cropland nutrient flow,2010,2010,tonnes,16450653.0,A
100,'356,India,5061,Synthetic Fertilizers,7275,Cropland nutrient flow,2011,2011,tonnes,17367540.0,A
100,'356,India,5061,Synthetic Fertilizers,7275,Cropland nutrient flow,2012,2012,tonnes,16820900.0,A
100,'356,India,5061,Synthetic Fertilizers,7275,Cropland nutrient flow,2013,2013,tonnes,16750100.0,A
100,'356,India,5061,Synthetic Fertilizers,7275,Cropland nutrient flow,2014,2014,tonnes,16949600.0,A
100,'356,India,5061,Synthetic Fertilizers,7275,Cropland nutrient flow,2015,2015,tonnes,17372300.0,P
100,'356,India,5061,Synthetic Fertilizers,7275,Cropland nutrient flow,2016,2016,tonnes,16735400.0,A
100,'356,India,5061,Synthetic Fertilizers,7275,Cropland nutrient flow,2017,2017,tonnes,16958000.0,A
100,'356,India,5061,Synthetic Fertilizers,7275,Cropland nutrient flow,2018,2018,tonnes,17628200.0,A
100,'356,India,5061,Synthetic Fertilizers,7276,Cropland nutrient flow per unit area,1961,1961,kg/ha,1.5517,E
100,'356,India,5061,Synthetic Fertilizers,7276,Cropland nutrient flow per unit area,1962,1962,kg/ha,2.0505,E
100,'356,India,5061,Synthetic Fertilizers,7276,Cropland nutrient flow per unit area,1963,1963,kg/ha,2.3252,E
100,'356,India,5061,Synthetic Fertilizers,7276,Cropland nutrient flow per unit area,1964,1964,kg/ha,3.4247,E
100,'356,India,5061,Synthetic Fertilizers,7276,Cropland nutrient flow per unit area,1965,1965,kg/ha,3.5387,E
100,'356,India,5061,Synthetic Fertilizers,7276,Cropland nutrient flow per unit area,1966,1966,kg/ha,4.5342,E
100,'356,India,5061,Synthetic Fertilizers,7276,Cropland nutrient flow per unit area,1967,1967,kg/ha,6.3166,E
100,'356,India,5061,Synthetic Fertilizers,7276,Cropland nutrient flow per unit area,1968,1968,kg/ha,7.344,E
100,'356,India,5061,Synthetic Fertilizers,7276,Cropland nutrient flow per unit area,1969,1969,kg/ha,8.2444,E
100,'356,India,5061,Synthetic Fertilizers,7276,Cropland nutrient flow per unit area,1970,1970,kg/ha,8.9604,E
100,'356,India,5061,Synthetic Fertilizers,7276,Cropland nutrient flow per unit area,1971,1971,kg/ha,10.9264,E
100,'356,India,5061,Synthetic Fertilizers,7276,Cropland nutrient flow per unit area,1972,1972,kg/ha,11.1464,E
100,'356,India,5061,Synthetic Fertilizers,7276,Cropland nutrient flow per unit area,1973,1973,kg/ha,11.0152,E
100,'356,India,5061,Synthetic Fertilizers,7276,Cropland nutrient flow per unit area,1974,1974,kg/ha,10.6047,E
100,'356,India,5061,Synthetic Fertilizers,7276,Cropland nutrient flow per unit area,1975,1975,kg/ha,16.4747,E
100,'356,India,5061,Synthetic Fertilizers,7276,Cropland nutrient flow per unit area,1976,1976,kg/ha,14.707,E
100,'356,India,5061,Synthetic Fertilizers,7276,Cropland nutrient flow per unit area,1977,1977,kg/ha,17.437,E
100,'356,India,5061,Synthetic Fertilizers,7276,Cropland nutrient flow per unit area,1978,1978,kg/ha,20.3253,E
100,'356,India,5061,Synthetic Fertilizers,7276,Cropland nutrient flow per unit area,1979,1979,kg/ha,20.7671,E
100,'356,India,5061,Synthetic Fertilizers,7276,Cropland nutrient flow per unit area,1980,1980,kg/ha,21.8734,E
100,'356,India,5061,Synthetic Fertilizers,7276,Cropland nutrient flow per unit area,1981,1981,kg/ha,24.1592,E
100,'356,India,5061,Synthetic Fertilizers,7276,Cropland nutrient flow per unit area,1982,1982,kg/ha,23.9585,E
100,'356,India,5061,Synthetic Fertilizers,7276,Cropland nutrient flow per unit area,1983,1983,kg/ha,27.5158,E
100,'356,India,5061,Synthetic Fertilizers,7276,Cropland nutrient flow per unit area,1984,1984,kg/ha,31.4801,E
100,'356,India,5061,Synthetic Fertilizers,7276,Cropland nutrient flow per unit area,1985,1985,kg/ha,33.9554,E
100,'356,India,5061,Synthetic Fertilizers,7276,Cropland nutrient flow per unit area,1986,1986,kg/ha,38.5381,E
100,'356,India,5061,Synthetic Fertilizers,7276,Cropland nutrient flow per unit area,1987,1987,kg/ha,33.6048,E
100,'356,India,5061,Synthetic Fertilizers,7276,Cropland nutrient flow per unit area,1988,1988,kg/ha,42.26,E
100,'356,India,5061,Synthetic Fertilizers,7276,Cropland nutrient flow per unit area,1989,1989,kg/ha,42.0701,E
100,'356,India,5061,Synthetic Fertilizers,7276,Cropland nutrient flow per unit area,1990,1990,kg/ha,44.4744,E
100,'356,India,5061,Synthetic Fertilizers,7276,Cropland nutrient flow per unit area,1991,1991,kg/ha,47.2804,E
100,'356,India,5061,Synthetic Fertilizers,7276,Cropland nutrient flow per unit area,1992,1992,kg/ha,49.5673,E
100,'356,India,5061,Synthetic Fertilizers,7276,Cropland nutrient flow per unit area,1993,1993,kg/ha,51.5537,E
100,'356,India,5061,Synthetic Fertilizers,7276,Cropland nutrient flow per unit area,1994,1994,kg/ha,55.8178,E
100,'356,India,5061,Synthetic Fertilizers,7276,Cropland nutrient flow per unit area,1995,1995,kg/ha,57.8117,E
100,'356,India,5061,Synthetic Fertilizers,7276,Cropland nutrient flow per unit area,1996,1996,kg/ha,60.8519,E
100,'356,India,5061,Synthetic Fertilizers,7276,Cropland nutrient flow per unit area,1997,1997,kg/ha,64.0907,E
100,'356,India,5061,Synthetic Fertilizers,7276,Cropland nutrient flow per unit area,1998,1998,kg/ha,66.7754,E
100,'356,India,5061,Synthetic Fertilizers,7276,Cropland nutrient flow per unit area,1999,1999,kg/ha,68.1043,E
100,'356,India,5061,Synthetic Fertilizers,7276,Cropland nutrient flow per unit area,2000,2000,kg/ha,64.1874,E
100,'356,India,5061,Synthetic Fertilizers,7276,Cropland nutrient flow per unit area,2001,2001,kg/ha,66.599,E
100,'356,India,5061,Synthetic Fertilizers,7276,Cropland nutrient flow per unit area,2002,2002,kg/ha,61.572,E
100,'356,India,5061,Synthetic Fertilizers,7276,Cropland nutrient flow per unit area,2003,2003,kg/ha,65.241,E
100,'356,India,5061,Synthetic Fertilizers,7276,Cropland nutrient flow per unit area,2004,2004,kg/ha,68.9426,E
100,'356,India,5061,Synthetic Fertilizers,7276,Cropland nutrient flow per unit area,2005,2005,kg/ha,74.9903,E
100,'356,India,5061,Synthetic Fertilizers,7276,Cropland nutrient flow per unit area,2006,2006,kg/ha,81.2033,E
100,'356,India,5061,Synthetic Fertilizers,7276,Cropland nutrient flow per unit area,2007,2007,kg/ha,85.2098,E
100,'356,India,5061,Synthetic Fertilizers,7276,Cropland nutrient flow per unit area,2008,2008,kg/ha,87.7465,E
100,'356,India,5061,Synthetic Fertilizers,7276,Cropland nutrient flow per unit area,2009,2009,kg/ha,91.6687,E
100,'356,India,5061,Synthetic Fertilizers,7276,Cropland nutrient flow per unit area,2010,2010,kg/ha,97.2065,E
100,'356,India,5061,Synthetic Fertilizers,7276,Cropland nutrient flow per unit area,2011,2011,kg/ha,102.5426,E
100,'356,India,5061,Synthetic Fertilizers,7276,Cropland nutrient flow per unit area,2012,2012,kg/ha,99.3286,E
100,'356,India,5061,Synthetic Fertilizers,7276,Cropland nutrient flow per unit area,2013,2013,kg/ha,98.8545,E
100,'356,India,5061,Synthetic Fertilizers,7276,Cropland nutrient flow per unit area,2014,2014,kg/ha,100.0195,E
100,'356,India,5061,Synthetic Fertilizers,7276,Cropland nutrient flow per unit area,2015,2015,kg/ha,102.5423,E
100,'356,India,5061,Synthetic Fertilizers,7276,Cropland nutrient flow per unit area,2016,2016,kg/ha,98.7829,E
100,'356,India,5061,Synthetic Fertilizers,7276,Cropland nutrient flow per unit area,2017,2017,kg/ha,100.0968,E
100,'356,India,5061,Synthetic Fertilizers,7276,Cropland nutrient flow per unit area,2018,2018,kg/ha,104.0527,E
100,'356,India,5062,Manure applied to Soils,7275,Cropland nutrient flow,1961,1961,tonnes,1283776.7889,E
100,'356,India,5062,Manure applied to Soils,7275,Cropland nutrient flow,1962,1962,tonnes,1271566.3628,E
100,'356,India,5062,Manure applied to Soils,7275,Cropland nutrient flow,1963,1963,tonnes,1267825.9039,E
100,'356,India,5062,Manure applied to Soils,7275,Cropland nutrient flow,1964,1964,tonnes,1277168.7868,E
100,'356,India,5062,Manure applied to Soils,7275,Cropland nutrient flow,1965,1965,tonnes,1277735.9181,E
100,'356,India,5062,Manure applied to Soils,7275,Cropland nutrient flow,1966,1966,tonnes,1308842.1673,E
100,'356,India,5062,Manure applied to Soils,7275,Cropland nutrient flow,1967,1967,tonnes,1309128.2164,E
100,'356,India,5062,Manure applied to Soils,7275,Cropland nutrient flow,1968,1968,tonnes,1323859.0896,E
100,'356,India,5062,Manure applied to Soils,7275,Cropland nutrient flow,1969,1969,tonnes,1333732.0757,E
100,'356,India,5062,Manure applied to Soils,7275,Cropland nutrient flow,1970,1970,tonnes,1335834.5594,E
100,'356,India,5062,Manure applied to Soils,7275,Cropland nutrient flow,1971,1971,tonnes,1352305.1519,E
100,'356,India,5062,Manure applied to Soils,7275,Cropland nutrient flow,1972,1972,tonnes,1368730.0957,E
100,'356,India,5062,Manure applied to Soils,7275,Cropland nutrient flow,1973,1973,tonnes,1371977.49,E
100,'356,India,5062,Manure applied to Soils,7275,Cropland nutrient flow,1974,1974,tonnes,1388284.0779,E
100,'356,India,5062,Manure applied to Soils,7275,Cropland nutrient flow,1975,1975,tonnes,1399609.6344,E
100,'356,India,5062,Manure applied to Soils,7275,Cropland nutrient flow,1976,1976,tonnes,1419040.6317,E
100,'356,India,5062,Manure applied to Soils,7275,Cropland nutrient flow,1977,1977,tonnes,1435332.1383,E
100,'356,India,5062,Manure applied to Soils,7275,Cropland nutrient flow,1978,1978,tonnes,1464057.5758,E
100,'356,India,5062,Manure applied to Soils,7275,Cropland nutrient flow,1979,1979,tonnes,1499883.948,E
100,'356,India,5062,Manure applied to Soils,7275,Cropland nutrient flow,1980,1980,tonnes,1529266.0734,E
100,'356,India,5062,Manure applied to Soils,7275,Cropland nutrient flow,1981,1981,tonnes,1559844.4579,E
100,'356,India,5062,Manure applied to Soils,7275,Cropland nutrient flow,1982,1982,tonnes,1599032.9382,E
100,'356,India,5062,Manure applied to Soils,7275,Cropland nutrient flow,1983,1983,tonnes,1634086.3731,E
100,'356,India,5062,Manure applied to Soils,7275,Cropland nutrient flow,1984,1984,tonnes,1661727.9998,E
100,'356,India,5062,Manure applied to Soils,7275,Cropland nutrient flow,1985,1985,tonnes,1683557.758,E
100,'356,India,5062,Manure applied to Soils,7275,Cropland nutrient flow,1986,1986,tonnes,1712524.2069,E
100,'356,India,5062,Manure applied to Soils,7275,Cropland nutrient flow,1987,1987,tonnes,1718413.4151,E
100,'356,India,5062,Manure applied to Soils,7275,Cropland nutrient flow,1988,1988,tonnes,1740478.4513,E
100,'356,India,5062,Manure applied to Soils,7275,Cropland nutrient flow,1989,1989,tonnes,1762980.026,E
100,'356,India,5062,Manure applied to Soils,7275,Cropland nutrient flow,1990,1990,tonnes,1786789.4873,E
100,'356,India,5062,Manure applied to Soils,7275,Cropland nutrient flow,1991,1991,tonnes,1810208.3993,E
100,'356,India,5062,Manure applied to Soils,7275,Cropland nutrient flow,1992,1992,tonnes,1840557.8949,E
100,'356,India,5062,Manure applied to Soils,7275,Cropland nutrient flow,1993,1993,tonnes,1854043.3351,E
100,'356,India,5062,Manure applied to Soils,7275,Cropland nutrient flow,1994,1994,tonnes,1870430.3389,E
100,'356,India,5062,Manure applied to Soils,7275,Cropland nutrient flow,1995,1995,tonnes,1885433.1459,E
100,'356,India,5062,Manure applied to Soils,7275,Cropland nutrient flow,1996,1996,tonnes,1900976.4031,E
100,'356,India,5062,Manure applied to Soils,7275,Cropland nutrient flow,1997,1997,tonnes,1910104.5343,E
100,'356,India,5062,Manure applied to Soils,7275,Cropland nutrient flow,1998,1998,tonnes,1919203.0177,E
100,'356,India,5062,Manure applied to Soils,7275,Cropland nutrient flow,1999,1999,tonnes,1928308.3186,E
100,'356,India,5062,Manure applied to Soils,7275,Cropland nutrient flow,2000,2000,tonnes,1937627.0229,E
100,'356,India,5062,Manure applied to Soils,7275,Cropland nutrient flow,2001,2001,tonnes,1953625.8423,E
100,'356,India,5062,Manure applied to Soils,7275,Cropland nutrient flow,2002,2002,tonnes,1966505.722,E
100,'356,India,5062,Manure applied to Soils,7275,Cropland nutrient flow,2003,2003,tonnes,1985761.6402,E
100,'356,India,5062,Manure applied to Soils,7275,Cropland nutrient flow,2004,2004,tonnes,2026534.683,E
100,'356,India,5062,Manure applied to Soils,7275,Cropland nutrient flow,2005,2005,tonnes,2069321.5372,E
100,'356,India,5062,Manure applied to Soils,7275,Cropland nutrient flow,2006,2006,tonnes,2111780.6947,E
100,'356,India,5062,Manure applied to Soils,7275,Cropland nutrient flow,2007,2007,tonnes,2170931.9993,E
100,'356,India,5062,Manure applied to Soils,7275,Cropland nutrient flow,2008,2008,tonnes,2174156.2646,E
100,'356,India,5062,Manure applied to Soils,7275,Cropland nutrient flow,2009,2009,tonnes,2179149.9118,E
100,'356,India,5062,Manure applied to Soils,7275,Cropland nutrient flow,2010,2010,tonnes,2186472.6172,E
100,'356,India,5062,Manure applied to Soils,7275,Cropland nutrient flow,2011,2011,tonnes,2190348.6335,E
100,'356,India,5062,Manure applied to Soils,7275,Cropland nutrient flow,2012,2012,tonnes,2192904.7584,E
100,'356,India,5062,Manure applied to Soils,7275,Cropland nutrient flow,2013,2013,tonnes,2192721.5791,E
100,'356,India,5062,Manure applied to Soils,7275,Cropland nutrient flow,2014,2014,tonnes,2196174.0488,E
100,'356,India,5062,Manure applied to Soils,7275,Cropland nutrient flow,2015,2015,tonnes,2205291.4302,E
100,'356,India,5062,Manure applied to Soils,7275,Cropland nutrient flow,2016,2016,tonnes,2241243.5502,E
100,'356,India,5062,Manure applied to Soils,7275,Cropland nutrient flow,2017,2017,tonnes,2252080.0096,E
100,'356,India,5062,Manure applied to Soils,7275,Cropland nutrient flow,2018,2018,tonnes,2258130.0363,E
100,'356,India,5062,Manure applied to Soils,7276,Cropland nutrient flow per unit area,1961,1961,kg/ha,7.9745,E
100,'356,India,5062,Manure applied to Soils,7276,Cropland nutrient flow per unit area,1962,1962,kg/ha,7.8298,E
100,'356,India,5062,Manure applied to Soils,7276,Cropland nutrient flow per unit area,1963,1963,kg/ha,7.8237,E
100,'356,India,5062,Manure applied to Soils,7276,Cropland nutrient flow per unit area,1964,1964,kg/ha,7.878,E
100,'356,India,5062,Manure applied to Soils,7276,Cropland nutrient flow per unit area,1965,1965,kg/ha,7.8662,E
100,'356,India,5062,Manure applied to Soils,7276,Cropland nutrient flow per unit area,1966,1966,kg/ha,8.0435,E
100,'356,India,5062,Manure applied to Soils,7276,Cropland nutrient flow per unit area,1967,1967,kg/ha,7.9927,E
100,'356,India,5062,Manure applied to Soils,7276,Cropland nutrient flow per unit area,1968,1968,kg/ha,8.0444,E
100,'356,India,5062,Manure applied to Soils,7276,Cropland nutrient flow per unit area,1969,1969,kg/ha,8.109,E
100,'356,India,5062,Manure applied to Soils,7276,Cropland nutrient flow per unit area,1970,1970,kg/ha,8.093,E
100,'356,India,5062,Manure applied to Soils,7276,Cropland nutrient flow per unit area,1971,1971,kg/ha,8.2179,E
100,'356,India,5062,Manure applied to Soils,7276,Cropland nutrient flow per unit area,1972,1972,kg/ha,8.296,E
100,'356,India,5062,Manure applied to Soils,7276,Cropland nutrient flow per unit area,1973,1973,kg/ha,8.2627,E
100,'356,India,5062,Manure applied to Soils,7276,Cropland nutrient flow per unit area,1974,1974,kg/ha,8.338,E
100,'356,India,5062,Manure applied to Soils,7276,Cropland nutrient flow per unit area,1975,1975,kg/ha,8.389,E
100,'356,India,5062,Manure applied to Soils,7276,Cropland nutrient flow per unit area,1976,1976,kg/ha,8.4944,E
100,'356,India,5062,Manure applied to Soils,7276,Cropland nutrient flow per unit area,1977,1977,kg/ha,8.5918,E
100,'356,India,5062,Manure applied to Soils,7276,Cropland nutrient flow per unit area,1978,1978,kg/ha,8.7022,E
100,'356,India,5062,Manure applied to Soils,7276,Cropland nutrient flow per unit area,1979,1979,kg/ha,8.9043,E
100,'356,India,5062,Manure applied to Soils,7276,Cropland nutrient flow per unit area,1980,1980,kg/ha,9.0944,E
100,'356,India,5062,Manure applied to Soils,7276,Cropland nutrient flow per unit area,1981,1981,kg/ha,9.2621,E
100,'356,India,5062,Manure applied to Soils,7276,Cropland nutrient flow per unit area,1982,1982,kg/ha,9.476,E
100,'356,India,5062,Manure applied to Soils,7276,Cropland nutrient flow per unit area,1983,1983,kg/ha,9.696,E
100,'356,India,5062,Manure applied to Soils,7276,Cropland nutrient flow per unit area,1984,1984,kg/ha,9.8085,E
100,'356,India,5062,Manure applied to Soils,7276,Cropland nutrient flow per unit area,1985,1985,kg/ha,9.9419,E
100,'356,India,5062,Manure applied to Soils,7276,Cropland nutrient flow per unit area,1986,1986,kg/ha,10.1088,E
100,'356,India,5062,Manure applied to Soils,7276,Cropland nutrient flow per unit area,1987,1987,kg/ha,10.1259,E
100,'356,India,5062,Manure applied to Soils,7276,Cropland nutrient flow per unit area,1988,1988,kg/ha,10.2763,E
100,'356,India,5062,Manure applied to Soils,7276,Cropland nutrient flow per unit area,1989,1989,kg/ha,10.3719,E
100,'356,India,5062,Manure applied to Soils,7276,Cropland nutrient flow per unit area,1990,1990,kg/ha,10.5038,E
100,'356,India,5062,Manure applied to Soils,7276,Cropland nutrient flow per unit area,1991,1991,kg/ha,10.6369,E
100,'356,India,5062,Manure applied to Soils,7276,Cropland nutrient flow per unit area,1992,1992,kg/ha,10.8264,E
100,'356,India,5062,Manure applied to Soils,7276,Cropland nutrient flow per unit area,1993,1993,kg/ha,10.8878,E
100,'356,India,5062,Manure applied to Soils,7276,Cropland nutrient flow per unit area,1994,1994,kg/ha,10.9815,E
100,'356,India,5062,Manure applied to Soils,7276,Cropland nutrient flow per unit area,1995,1995,kg/ha,11.0966,E
100,'356,India,5062,Manure applied to Soils,7276,Cropland nutrient flow per unit area,1996,1996,kg/ha,11.2135,E
100,'356,India,5062,Manure applied to Soils,7276,Cropland nutrient flow per unit area,1997,1997,kg/ha,11.2292,E
100,'356,India,5062,Manure applied to Soils,7276,Cropland nutrient flow per unit area,1998,1998,kg/ha,11.2875,E
100,'356,India,5062,Manure applied to Soils,7276,Cropland nutrient flow per unit area,1999,1999,kg/ha,11.3347,E
100,'356,India,5062,Manure applied to Soils,7276,Cropland nutrient flow per unit area,2000,2000,kg/ha,11.3891,E
100,'356,India,5062,Manure applied to Soils,7276,Cropland nutrient flow per unit area,2001,2001,kg/ha,11.5038,E
100,'356,India,5062,Manure applied to Soils,7276,Cropland nutrient flow per unit area,2002,2002,kg/ha,11.5655,E
100,'356,India,5062,Manure applied to Soils,7276,Cropland nutrient flow per unit area,2003,2003,kg/ha,11.6948,E
100,'356,India,5062,Manure applied to Soils,7276,Cropland nutrient flow per unit area,2004,2004,kg/ha,11.9284,E
100,'356,India,5062,Manure applied to Soils,7276,Cropland nutrient flow per unit area,2005,2005,kg/ha,12.1959,E
100,'356,India,5062,Manure applied to Soils,7276,Cropland nutrient flow per unit area,2006,2006,kg/ha,12.4617,E
100,'356,India,5062,Manure applied to Soils,7276,Cropland nutrient flow per unit area,2007,2007,kg/ha,12.8304,E
100,'356,India,5062,Manure applied to Soils,7276,Cropland nutrient flow per unit area,2008,2008,kg/ha,12.8348,E
100,'356,India,5062,Manure applied to Soils,7276,Cropland nutrient flow per unit area,2009,2009,kg/ha,12.8394,E
100,'356,India,5062,Manure applied to Soils,7276,Cropland nutrient flow per unit area,2010,2010,kg/ha,12.9198,E
100,'356,India,5062,Manure applied to Soils,7276,Cropland nutrient flow per unit area,2011,2011,kg/ha,12.9324,E
100,'356,India,5062,Manure applied to Soils,7276,Cropland nutrient flow per unit area,2012,2012,kg/ha,12.9493,E
100,'356,India,5062,Manure applied to Soils,7276,Cropland nutrient flow per unit area,2013,2013,kg/ha,12.9408,E
100,'356,India,5062,Manure applied to Soils,7276,Cropland nutrient flow per unit area,2014,2014,kg/ha,12.9596,E
100,'356,India,5062,Manure applied to Soils,7276,Cropland nutrient flow per unit area,2015,2015,kg/ha,13.017,E
100,'356,India,5062,Manure applied to Soils,7276,Cropland nutrient flow per unit area,2016,2016,kg/ha,13.2292,E
100,'356,India,5062,Manure applied to Soils,7276,Cropland nutrient flow per unit area,2017,2017,kg/ha,13.2932,E
100,'356,India,5062,Manure applied to Soils,7276,Cropland nutrient flow per unit area,2018,2018,kg/ha,13.3289,E
100,'356,India,5076,Atmospheric Deposition,7275,Cropland nutrient flow,1961,1961,tonnes,1646242.836,E
100,'356,India,5076,Atmospheric Deposition,7275,Cropland nutrient flow,1962,1962,tonnes,1695293.6,E
100,'356,India,5076,Atmospheric Deposition,7275,Cropland nutrient flow,1963,1963,tonnes,1726966.85,E
100,'356,India,5076,Atmospheric Deposition,7275,Cropland nutrient flow,1964,1964,tonnes,1761249.952,E
100,'356,India,5076,Atmospheric Deposition,7275,Cropland nutrient flow,1965,1965,tonnes,1798794.116,E
100,'356,India,5076,Atmospheric Deposition,7275,Cropland nutrient flow,1966,1966,tonnes,1837434.24,E
100,'356,India,5076,Atmospheric Deposition,7275,Cropland nutrient flow,1967,1967,tonnes,1884731.53,E
100,'356,India,5076,Atmospheric Deposition,7275,Cropland nutrient flow,1968,1968,tonnes,1937799.975,E
100,'356,India,5076,Atmospheric Deposition,7275,Cropland nutrient flow,1969,1969,tonnes,1974698.856,E
100,'356,India,5076,Atmospheric Deposition,7275,Cropland nutrient flow,1970,1970,tonnes,2016703.08,E
100,'356,India,5076,Atmospheric Deposition,7275,Cropland nutrient flow,1971,1971,tonnes,2047076.64,E
100,'356,India,5076,Atmospheric Deposition,7275,Cropland nutrient flow,1972,1972,tonnes,2090537.606,E
100,'356,India,5076,Atmospheric Deposition,7275,Cropland nutrient flow,1973,1973,tonnes,2143794.084,E
100,'356,India,5076,Atmospheric Deposition,7275,Cropland nutrient flow,1974,1974,tonnes,2180996.599,E
100,'356,India,5076,Atmospheric Deposition,7275,Cropland nutrient flow,1975,1975,tonnes,2224117.378,E
100,'356,India,5076,Atmospheric Deposition,7275,Cropland nutrient flow,1976,1976,tonnes,2267798.775,E
100,'356,India,5076,Atmospheric Deposition,7275,Cropland nutrient flow,1977,1977,tonnes,2304077.728,E
100,'356,India,5076,Atmospheric Deposition,7275,Cropland nutrient flow,1978,1978,tonnes,2354841.283,E
100,'356,India,5076,Atmospheric Deposition,7275,Cropland nutrient flow,1979,1979,tonnes,2396621.232,E
100,'356,India,5076,Atmospheric Deposition,7275,Cropland nutrient flow,1980,1980,tonnes,2431338.686,E
100,'356,India,5076,Atmospheric Deposition,7275,Cropland nutrient flow,1981,1981,tonnes,2470098.804,E
100,'356,India,5076,Atmospheric Deposition,7275,Cropland nutrient flow,1982,1982,tonnes,2508578.036,E
100,'356,India,5076,Atmospheric Deposition,7275,Cropland nutrient flow,1983,1983,tonnes,2548035.308,E
100,'356,India,5076,Atmospheric Deposition,7275,Cropland nutrient flow,1984,1984,tonnes,2601582.808,E
100,'356,India,5076,Atmospheric Deposition,7275,Cropland nutrient flow,1985,1985,tonnes,2633914.36,E
100,'356,India,5076,Atmospheric Deposition,7275,Cropland nutrient flow,1986,1986,tonnes,2673274.02,E
100,'356,India,5076,Atmospheric Deposition,7275,Cropland nutrient flow,1987,1987,tonnes,2714770.885,E
100,'356,India,5076,Atmospheric Deposition,7275,Cropland nutrient flow,1988,1988,tonnes,2739866.136,E
100,'356,India,5076,Atmospheric Deposition,7275,Cropland nutrient flow,1989,1989,tonnes,2784716.808,E
100,'356,India,5076,Atmospheric Deposition,7275,Cropland nutrient flow,1990,1990,tonnes,2823639.291,E
100,'356,India,5076,Atmospheric Deposition,7275,Cropland nutrient flow,1991,1991,tonnes,2856164.506,E
100,'356,India,5076,Atmospheric Deposition,7275,Cropland nutrient flow,1992,1992,tonnes,2893332.114,E
100,'356,India,5076,Atmospheric Deposition,7275,Cropland nutrient flow,1993,1993,tonnes,2935390.068,E
100,'356,India,5076,Atmospheric Deposition,7275,Cropland nutrient flow,1994,1994,tonnes,2975407.425,E
100,'356,India,5076,Atmospheric Deposition,7275,Cropland nutrient flow,1995,1995,tonnes,2999099.061,E
100,'356,India,5076,Atmospheric Deposition,7275,Cropland nutrient flow,1996,1996,tonnes,3027377.45,E
100,'356,India,5076,Atmospheric Deposition,7275,Cropland nutrient flow,1997,1997,tonnes,3079848.706,E
100,'356,India,5076,Atmospheric Deposition,7275,Cropland nutrient flow,1998,1998,tonnes,3115781.425,E
100,'356,India,5076,Atmospheric Deposition,7275,Cropland nutrient flow,1999,1999,tonnes,3163644.5,E
100,'356,India,5076,Atmospheric Deposition,7275,Cropland nutrient flow,2000,2000,tonnes,3204228.42,E
100,'356,India,5076,Atmospheric Deposition,7275,Cropland nutrient flow,2001,2001,tonnes,3246714.35,E
100,'356,India,5076,Atmospheric Deposition,7275,Cropland nutrient flow,2002,2002,tonnes,3305762.144,E
100,'356,India,5076,Atmospheric Deposition,7275,Cropland nutrient flow,2003,2003,tonnes,3349624.873,E
100,'356,India,5076,Atmospheric Deposition,7275,Cropland nutrient flow,2004,2004,tonnes,3393742.616,E
100,'356,India,5076,Atmospheric Deposition,7275,Cropland nutrient flow,2005,2005,tonnes,3446078.94,E
100,'356,India,5076,Atmospheric Deposition,7275,Cropland nutrient flow,2006,2006,tonnes,3495323.212,E
100,'356,India,5076,Atmospheric Deposition,7275,Cropland nutrient flow,2007,2007,tonnes,3538352.224,E
100,'356,India,5076,Atmospheric Deposition,7275,Cropland nutrient flow,2008,2008,tonnes,3598288.59,E
100,'356,India,5076,Atmospheric Deposition,7275,Cropland nutrient flow,2009,2009,tonnes,3651102.688,E
100,'356,India,5076,Atmospheric Deposition,7275,Cropland nutrient flow,2010,2010,tonnes,3685408.818,E
100,'356,India,5076,Atmospheric Deposition,7275,Cropland nutrient flow,2011,2011,tonnes,3737126.985,E
100,'356,India,5076,Atmospheric Deposition,7275,Cropland nutrient flow,2012,2012,tonnes,3736619.49,E
100,'356,India,5076,Atmospheric Deposition,7275,Cropland nutrient flow,2013,2013,tonnes,3738737.73,E
100,'356,India,5076,Atmospheric Deposition,7275,Cropland nutrient flow,2014,2014,tonnes,3739201.095,E
100,'356,India,5076,Atmospheric Deposition,7275,Cropland nutrient flow,2015,2015,tonnes,3738164.04,E
100,'356,India,5076,Atmospheric Deposition,7275,Cropland nutrient flow,2016,2016,tonnes,3738164.04,E
100,'356,India,5076,Atmospheric Deposition,7275,Cropland nutrient flow,2017,2017,tonnes,3738164.04,E
100,'356,India,5076,Atmospheric Deposition,7275,Cropland nutrient flow,2018,2018,tonnes,3738164.04,E
100,'356,India,5076,Atmospheric Deposition,7276,Cropland nutrient flow per unit area,1961,1961,kg/ha,10.226,E
100,'356,India,5076,Atmospheric Deposition,7276,Cropland nutrient flow per unit area,1962,1962,kg/ha,10.439,E
100,'356,India,5076,Atmospheric Deposition,7276,Cropland nutrient flow per unit area,1963,1963,kg/ha,10.657,E
100,'356,India,5076,Atmospheric Deposition,7276,Cropland nutrient flow per unit area,1964,1964,kg/ha,10.864,E
100,'356,India,5076,Atmospheric Deposition,7276,Cropland nutrient flow per unit area,1965,1965,kg/ha,11.074,E
100,'356,India,5076,Atmospheric Deposition,7276,Cropland nutrient flow per unit area,1966,1966,kg/ha,11.292,E
100,'356,India,5076,Atmospheric Deposition,7276,Cropland nutrient flow per unit area,1967,1967,kg/ha,11.507,E
100,'356,India,5076,Atmospheric Deposition,7276,Cropland nutrient flow per unit area,1968,1968,kg/ha,11.775,E
100,'356,India,5076,Atmospheric Deposition,7276,Cropland nutrient flow per unit area,1969,1969,kg/ha,12.006,E
100,'356,India,5076,Atmospheric Deposition,7276,Cropland nutrient flow per unit area,1970,1970,kg/ha,12.218,E
100,'356,India,5076,Atmospheric Deposition,7276,Cropland nutrient flow per unit area,1971,1971,kg/ha,12.44,E
100,'356,India,5076,Atmospheric Deposition,7276,Cropland nutrient flow per unit area,1972,1972,kg/ha,12.671,E
100,'356,India,5076,Atmospheric Deposition,7276,Cropland nutrient flow per unit area,1973,1973,kg/ha,12.911,E
100,'356,India,5076,Atmospheric Deposition,7276,Cropland nutrient flow per unit area,1974,1974,kg/ha,13.099,E
100,'356,India,5076,Atmospheric Deposition,7276,Cropland nutrient flow per unit area,1975,1975,kg/ha,13.331,E
100,'356,India,5076,Atmospheric Deposition,7276,Cropland nutrient flow per unit area,1976,1976,kg/ha,13.575,E
100,'356,India,5076,Atmospheric Deposition,7276,Cropland nutrient flow per unit area,1977,1977,kg/ha,13.792,E
100,'356,India,5076,Atmospheric Deposition,7276,Cropland nutrient flow per unit area,1978,1978,kg/ha,13.997,E
100,'356,India,5076,Atmospheric Deposition,7276,Cropland nutrient flow per unit area,1979,1979,kg/ha,14.228,E
100,'356,India,5076,Atmospheric Deposition,7276,Cropland nutrient flow per unit area,1980,1980,kg/ha,14.459,E
100,'356,India,5076,Atmospheric Deposition,7276,Cropland nutrient flow per unit area,1981,1981,kg/ha,14.667,E
100,'356,India,5076,Atmospheric Deposition,7276,Cropland nutrient flow per unit area,1982,1982,kg/ha,14.866,E
100,'356,India,5076,Atmospheric Deposition,7276,Cropland nutrient flow per unit area,1983,1983,kg/ha,15.119,E
100,'356,India,5076,Atmospheric Deposition,7276,Cropland nutrient flow per unit area,1984,1984,kg/ha,15.356,E
100,'356,India,5076,Atmospheric Deposition,7276,Cropland nutrient flow per unit area,1985,1985,kg/ha,15.554,E
100,'356,India,5076,Atmospheric Deposition,7276,Cropland nutrient flow per unit area,1986,1986,kg/ha,15.78,E
100,'356,India,5076,Atmospheric Deposition,7276,Cropland nutrient flow per unit area,1987,1987,kg/ha,15.997,E
100,'356,India,5076,Atmospheric Deposition,7276,Cropland nutrient flow per unit area,1988,1988,kg/ha,16.177,E
100,'356,India,5076,Atmospheric Deposition,7276,Cropland nutrient flow per unit area,1989,1989,kg/ha,16.383,E
100,'356,India,5076,Atmospheric Deposition,7276,Cropland nutrient flow per unit area,1990,1990,kg/ha,16.599,E
100,'356,India,5076,Atmospheric Deposition,7276,Cropland nutrient flow per unit area,1991,1991,kg/ha,16.783,E
100,'356,India,5076,Atmospheric Deposition,7276,Cropland nutrient flow per unit area,1992,1992,kg/ha,17.019,E
100,'356,India,5076,Atmospheric Deposition,7276,Cropland nutrient flow per unit area,1993,1993,kg/ha,17.238,E
100,'356,India,5076,Atmospheric Deposition,7276,Cropland nutrient flow per unit area,1994,1994,kg/ha,17.469,E
100,'356,India,5076,Atmospheric Deposition,7276,Cropland nutrient flow per unit area,1995,1995,kg/ha,17.651,E
100,'356,India,5076,Atmospheric Deposition,7276,Cropland nutrient flow per unit area,1996,1996,kg/ha,17.858,E
100,'356,India,5076,Atmospheric Deposition,7276,Cropland nutrient flow per unit area,1997,1997,kg/ha,18.106,E
100,'356,India,5076,Atmospheric Deposition,7276,Cropland nutrient flow per unit area,1998,1998,kg/ha,18.325,E
100,'356,India,5076,Atmospheric Deposition,7276,Cropland nutrient flow per unit area,1999,1999,kg/ha,18.596,E
100,'356,India,5076,Atmospheric Deposition,7276,Cropland nutrient flow per unit area,2000,2000,kg/ha,18.834,E
100,'356,India,5076,Atmospheric Deposition,7276,Cropland nutrient flow per unit area,2001,2001,kg/ha,19.118,E
100,'356,India,5076,Atmospheric Deposition,7276,Cropland nutrient flow per unit area,2002,2002,kg/ha,19.442,E
100,'356,India,5076,Atmospheric Deposition,7276,Cropland nutrient flow per unit area,2003,2003,kg/ha,19.727,E
100,'356,India,5076,Atmospheric Deposition,7276,Cropland nutrient flow per unit area,2004,2004,kg/ha,19.976,E
100,'356,India,5076,Atmospheric Deposition,7276,Cropland nutrient flow per unit area,2005,2005,kg/ha,20.31,E
100,'356,India,5076,Atmospheric Deposition,7276,Cropland nutrient flow per unit area,2006,2006,kg/ha,20.626,E
100,'356,India,5076,Atmospheric Deposition,7276,Cropland nutrient flow per unit area,2007,2007,kg/ha,20.912,E
100,'356,India,5076,Atmospheric Deposition,7276,Cropland nutrient flow per unit area,2008,2008,kg/ha,21.242,E
100,'356,India,5076,Atmospheric Deposition,7276,Cropland nutrient flow per unit area,2009,2009,kg/ha,21.512,E
100,'356,India,5076,Atmospheric Deposition,7276,Cropland nutrient flow per unit area,2010,2010,kg/ha,21.777,E
100,'356,India,5076,Atmospheric Deposition,7276,Cropland nutrient flow per unit area,2011,2011,kg/ha,22.065,E
100,'356,India,5076,Atmospheric Deposition,7276,Cropland nutrient flow per unit area,2012,2012,kg/ha,22.065,E
100,'356,India,5076,Atmospheric Deposition,7276,Cropland nutrient flow per unit area,2013,2013,kg/ha,22.065,E
100,'356,India,5076,Atmospheric Deposition,7276,Cropland nutrient flow per unit area,2014,2014,kg/ha,22.065,E
100,'356,India,5076,Atmospheric Deposition,7276,Cropland nutrient flow per unit area,2015,2015,kg/ha,22.065,E
100,'356,India,5076,Atmospheric Deposition,7276,Cropland nutrient flow per unit area,2016,2016,kg/ha,22.065,E
100,'356,India,5076,Atmospheric Deposition,7276,Cropland nutrient flow per unit area,2017,2017,kg/ha,22.065,E
100,'356,India,5076,Atmospheric Deposition,7276,Cropland nutrient flow per unit area,2018,2018,kg/ha,22.065,E
100,'356,India,5077,Crop Removal,7275,Cropland nutrient flow,1961,1961,tonnes,1950671.385,E
100,'356,India,5077,Crop Removal,7275,Cropland nutrient flow,1962,1962,tonnes,2002824.184,E
100,'356,India,5077,Crop Removal,7275,Cropland nutrient flow,1963,1963,tonnes,2032293.826,E
100,'356,India,5077,Crop Removal,7275,Cropland nutrient flow,1964,1964,tonnes,2060906.903,E
100,'356,India,5077,Crop Removal,7275,Cropland nutrient flow,1965,1965,tonnes,1881502.065,E
100,'356,India,5077,Crop Removal,7275,Cropland nutrient flow,1966,1966,tonnes,1887544.785,E
100,'356,India,5077,Crop Removal,7275,Cropland nutrient flow,1967,1967,tonnes,2128392.19,E
100,'356,India,5077,Crop Removal,7275,Cropland nutrient flow,1968,1968,tonnes,2244783.698,E
100,'356,India,5077,Crop Removal,7275,Cropland nutrient flow,1969,1969,tonnes,2376543.85,E
100,'356,India,5077,Crop Removal,7275,Cropland nutrient flow,1970,1970,tonnes,2539197.002,E
100,'356,India,5077,Crop Removal,7275,Cropland nutrient flow,1971,1971,tonnes,2564983.303,E
100,'356,India,5077,Crop Removal,7275,Cropland nutrient flow,1972,1972,tonnes,2441508.425,E
100,'356,India,5077,Crop Removal,7275,Cropland nutrient flow,1973,1973,tonnes,2692709.726,E
100,'356,India,5077,Crop Removal,7275,Cropland nutrient flow,1974,1974,tonnes,2458420.983,E
100,'356,India,5077,Crop Removal,7275,Cropland nutrient flow,1975,1975,tonnes,2823953.555,E
100,'356,India,5077,Crop Removal,7275,Cropland nutrient flow,1976,1976,tonnes,2745877.481,E
100,'356,India,5077,Crop Removal,7275,Cropland nutrient flow,1977,1977,tonnes,3042528.19,E
100,'356,India,5077,Crop Removal,7275,Cropland nutrient flow,1978,1978,tonnes,3184909.017,E
100,'356,India,5077,Crop Removal,7275,Cropland nutrient flow,1979,1979,tonnes,2912125.906,E
100,'356,India,5077,Crop Removal,7275,Cropland nutrient flow,1980,1980,tonnes,3090552.874,E
100,'356,India,5077,Crop Removal,7275,Cropland nutrient flow,1981,1981,tonnes,3278555.253,E
100,'356,India,5077,Crop Removal,7275,Cropland nutrient flow,1982,1982,tonnes,3166466.819,E
100,'356,India,5077,Crop Removal,7275,Cropland nutrient flow,1983,1983,tonnes,3668561.713,E
100,'356,India,5077,Crop Removal,7275,Cropland nutrient flow,1984,1984,tonnes,3697502.61,E
100,'356,India,5077,Crop Removal,7275,Cropland nutrient flow,1985,1985,tonnes,3679030.959,E
100,'356,India,5077,Crop Removal,7275,Cropland nutrient flow,1986,1986,tonnes,3636267.199,E
100,'356,India,5077,Crop Removal,7275,Cropland nutrient flow,1987,1987,tonnes,3503236.0752,E
100,'356,India,5077,Crop Removal,7275,Cropland nutrient flow,1988,1988,tonnes,4116639.0219,E
100,'356,India,5077,Crop Removal,7275,Cropland nutrient flow,1989,1989,tonnes,4507627.3381,E
100,'356,India,5077,Crop Removal,7275,Cropland nutrient flow,1990,1990,tonnes,4444252.7147,E
100,'356,India,5077,Crop Removal,7275,Cropland nutrient flow,1991,1991,tonnes,4479977.3073,E
100,'356,India,5077,Crop Removal,7275,Cropland nutrient flow,1992,1992,tonnes,4817759.0592,E
100,'356,India,5077,Crop Removal,7275,Cropland nutrient flow,1993,1993,tonnes,4944110.375,E
100,'356,India,5077,Crop Removal,7275,Cropland nutrient flow,1994,1994,tonnes,5054143.677,E
100,'356,India,5077,Crop Removal,7275,Cropland nutrient flow,1995,1995,tonnes,5209139.431,E
100,'356,India,5077,Crop Removal,7275,Cropland nutrient flow,1996,1996,tonnes,5409459.256,E
100,'356,India,5077,Crop Removal,7275,Cropland nutrient flow,1997,1997,tonnes,5497330.091,E
100,'356,India,5077,Crop Removal,7275,Cropland nutrient flow,1998,1998,tonnes,5552279.439,E
100,'356,India,5077,Crop Removal,7275,Cropland nutrient flow,1999,1999,tonnes,5746339.8,E
100,'356,India,5077,Crop Removal,7275,Cropland nutrient flow,2000,2000,tonnes,5636684.04,E
100,'356,India,5077,Crop Removal,7275,Cropland nutrient flow,2001,2001,tonnes,5834626.783,E
100,'356,India,5077,Crop Removal,7275,Cropland nutrient flow,2002,2002,tonnes,5135104.8497,E
100,'356,India,5077,Crop Removal,7275,Cropland nutrient flow,2003,2003,tonnes,5967603.3321,E
100,'356,India,5077,Crop Removal,7275,Cropland nutrient flow,2004,2004,tonnes,5936894.1517,E
100,'356,India,5077,Crop Removal,7275,Cropland nutrient flow,2005,2005,tonnes,6156886.1982,E
100,'356,India,5077,Crop Removal,7275,Cropland nutrient flow,2006,2006,tonnes,6512637.4273,E
100,'356,India,5077,Crop Removal,7275,Cropland nutrient flow,2007,2007,tonnes,7243180.3276,E
100,'356,India,5077,Crop Removal,7275,Cropland nutrient flow,2008,2008,tonnes,7187579.8424,E
100,'356,India,5077,Crop Removal,7275,Cropland nutrient flow,2009,2009,tonnes,6979542.9912,E
100,'356,India,5077,Crop Removal,7275,Cropland nutrient flow,2010,2010,tonnes,7943826.9574,E
100,'356,India,5077,Crop Removal,7275,Cropland nutrient flow,2011,2011,tonnes,8399275.5464,E
100,'356,India,5077,Crop Removal,7275,Cropland nutrient flow,2012,2012,tonnes,8697945.932,E
100,'356,India,5077,Crop Removal,7275,Cropland nutrient flow,2013,2013,tonnes,8670166.526,E
100,'356,India,5077,Crop Removal,7275,Cropland nutrient flow,2014,2014,tonnes,8652331.7946,E
100,'356,India,5077,Crop Removal,7275,Cropland nutrient flow,2015,2015,tonnes,8074768.053,E
100,'356,India,5077,Crop Removal,7275,Cropland nutrient flow,2016,2016,tonnes,8768101.9812,E
100,'356,India,5077,Crop Removal,7275,Cropland nutrient flow,2017,2017,tonnes,9010053.0594,E
100,'356,India,5077,Crop Removal,7275,Cropland nutrient flow,2018,2018,tonnes,9157177.0374,E
100,'356,India,5077,Crop Removal,7276,Cropland nutrient flow per unit area,1961,1961,kg/ha,12.117,E
100,'356,India,5077,Crop Removal,7276,Cropland nutrient flow per unit area,1962,1962,kg/ha,12.3327,E
100,'356,India,5077,Crop Removal,7276,Cropland nutrient flow per unit area,1963,1963,kg/ha,12.5412,E
100,'356,India,5077,Crop Removal,7276,Cropland nutrient flow per unit area,1964,1964,kg/ha,12.7124,E
100,'356,India,5077,Crop Removal,7276,Cropland nutrient flow per unit area,1965,1965,kg/ha,11.5832,E
100,'356,India,5077,Crop Removal,7276,Cropland nutrient flow per unit area,1966,1966,kg/ha,11.6,E
100,'356,India,5077,Crop Removal,7276,Cropland nutrient flow per unit area,1967,1967,kg/ha,12.9946,E
100,'356,India,5077,Crop Removal,7276,Cropland nutrient flow per unit area,1968,1968,kg/ha,13.6404,E
100,'356,India,5077,Crop Removal,7276,Cropland nutrient flow per unit area,1969,1969,kg/ha,14.4492,E
100,'356,India,5077,Crop Removal,7276,Cropland nutrient flow per unit area,1970,1970,kg/ha,15.3835,E
100,'356,India,5077,Crop Removal,7276,Cropland nutrient flow per unit area,1971,1971,kg/ha,15.5873,E
100,'356,India,5077,Crop Removal,7276,Cropland nutrient flow per unit area,1972,1972,kg/ha,14.7983,E
100,'356,India,5077,Crop Removal,7276,Cropland nutrient flow per unit area,1973,1973,kg/ha,16.2168,E
100,'356,India,5077,Crop Removal,7276,Cropland nutrient flow per unit area,1974,1974,kg/ha,14.7652,E
100,'356,India,5077,Crop Removal,7276,Cropland nutrient flow per unit area,1975,1975,kg/ha,16.9263,E
100,'356,India,5077,Crop Removal,7276,Cropland nutrient flow per unit area,1976,1976,kg/ha,16.4368,E
100,'356,India,5077,Crop Removal,7276,Cropland nutrient flow per unit area,1977,1977,kg/ha,18.2123,E
100,'356,India,5077,Crop Removal,7276,Cropland nutrient flow per unit area,1978,1978,kg/ha,18.9309,E
100,'356,India,5077,Crop Removal,7276,Cropland nutrient flow per unit area,1979,1979,kg/ha,17.2884,E
100,'356,India,5077,Crop Removal,7276,Cropland nutrient flow per unit area,1980,1980,kg/ha,18.3793,E
100,'356,India,5077,Crop Removal,7276,Cropland nutrient flow per unit area,1981,1981,kg/ha,19.4675,E
100,'356,India,5077,Crop Removal,7276,Cropland nutrient flow per unit area,1982,1982,kg/ha,18.7647,E
100,'356,India,5077,Crop Removal,7276,Cropland nutrient flow per unit area,1983,1983,kg/ha,21.7677,E
100,'356,India,5077,Crop Removal,7276,Cropland nutrient flow per unit area,1984,1984,kg/ha,21.8247,E
100,'356,India,5077,Crop Removal,7276,Cropland nutrient flow per unit area,1985,1985,kg/ha,21.7257,E
100,'356,India,5077,Crop Removal,7276,Cropland nutrient flow per unit area,1986,1986,kg/ha,21.4644,E
100,'356,India,5077,Crop Removal,7276,Cropland nutrient flow per unit area,1987,1987,kg/ha,20.6431,E
100,'356,India,5077,Crop Removal,7276,Cropland nutrient flow per unit area,1988,1988,kg/ha,24.3059,E
100,'356,India,5077,Crop Removal,7276,Cropland nutrient flow per unit area,1989,1989,kg/ha,26.5192,E
100,'356,India,5077,Crop Removal,7276,Cropland nutrient flow per unit area,1990,1990,kg/ha,26.1259,E
100,'356,India,5077,Crop Removal,7276,Cropland nutrient flow per unit area,1991,1991,kg/ha,26.3246,E
100,'356,India,5077,Crop Removal,7276,Cropland nutrient flow per unit area,1992,1992,kg/ha,28.3388,E
100,'356,India,5077,Crop Removal,7276,Cropland nutrient flow per unit area,1993,1993,kg/ha,29.0342,E
100,'356,India,5077,Crop Removal,7276,Cropland nutrient flow per unit area,1994,1994,kg/ha,29.6735,E
100,'356,India,5077,Crop Removal,7276,Cropland nutrient flow per unit area,1995,1995,kg/ha,30.658,E
100,'356,India,5077,Crop Removal,7276,Cropland nutrient flow per unit area,1996,1996,kg/ha,31.9095,E
100,'356,India,5077,Crop Removal,7276,Cropland nutrient flow per unit area,1997,1997,kg/ha,32.318,E
100,'356,India,5077,Crop Removal,7276,Cropland nutrient flow per unit area,1998,1998,kg/ha,32.6549,E
100,'356,India,5077,Crop Removal,7276,Cropland nutrient flow per unit area,1999,1999,kg/ha,33.7772,E
100,'356,India,5077,Crop Removal,7276,Cropland nutrient flow per unit area,2000,2000,kg/ha,33.1316,E
100,'356,India,5077,Crop Removal,7276,Cropland nutrient flow per unit area,2001,2001,kg/ha,34.3567,E
100,'356,India,5077,Crop Removal,7276,Cropland nutrient flow per unit area,2002,2002,kg/ha,30.2008,E
100,'356,India,5077,Crop Removal,7276,Cropland nutrient flow per unit area,2003,2003,kg/ha,35.1451,E
100,'356,India,5077,Crop Removal,7276,Cropland nutrient flow per unit area,2004,2004,kg/ha,34.9453,E
100,'356,India,5077,Crop Removal,7276,Cropland nutrient flow per unit area,2005,2005,kg/ha,36.2866,E
100,'356,India,5077,Crop Removal,7276,Cropland nutrient flow per unit area,2006,2006,kg/ha,38.4313,E
100,'356,India,5077,Crop Removal,7276,Cropland nutrient flow per unit area,2007,2007,kg/ha,42.8079,E
100,'356,India,5077,Crop Removal,7276,Cropland nutrient flow per unit area,2008,2008,kg/ha,42.4309,E
100,'356,India,5077,Crop Removal,7276,Cropland nutrient flow per unit area,2009,2009,kg/ha,41.1229,E
100,'356,India,5077,Crop Removal,7276,Cropland nutrient flow per unit area,2010,2010,kg/ha,46.9399,E
100,'356,India,5077,Crop Removal,7276,Cropland nutrient flow per unit area,2011,2011,kg/ha,49.5916,E
100,'356,India,5077,Crop Removal,7276,Cropland nutrient flow per unit area,2012,2012,kg/ha,51.362,E
100,'356,India,5077,Crop Removal,7276,Cropland nutrient flow per unit area,2013,2013,kg/ha,51.1689,E
100,'356,India,5077,Crop Removal,7276,Cropland nutrient flow per unit area,2014,2014,kg/ha,51.0574,E
100,'356,India,5077,Crop Removal,7276,Cropland nutrient flow per unit area,2015,2015,kg/ha,47.6624,E
100,'356,India,5077,Crop Removal,7276,Cropland nutrient flow per unit area,2016,2016,kg/ha,51.7549,E
100,'356,India,5077,Crop Removal,7276,Cropland nutrient flow per unit area,2017,2017,kg/ha,53.183,E
100,'356,India,5077,Crop Removal,7276,Cropland nutrient flow per unit area,2018,2018,kg/ha,54.0514,E
100,'356,India,5078,Biological Fixation,7275,Cropland nutrient flow,1961,1961,tonnes,911881.11,E
100,'356,India,5078,Biological Fixation,7275,Cropland nutrient flow,1962,1962,tonnes,853225.5,E
100,'356,India,5078,Biological Fixation,7275,Cropland nutrient flow,1963,1963,tonnes,843540.55,E
100,'356,India,5078,Biological Fixation,7275,Cropland nutrient flow,1964,1964,tonnes,794737.0,E
100,'356,India,5078,Biological Fixation,7275,Cropland nutrient flow,1965,1965,tonnes,830166.0,E
100,'356,India,5078,Biological Fixation,7275,Cropland nutrient flow,1966,1966,tonnes,713120.0,E
100,'356,India,5078,Biological Fixation,7275,Cropland nutrient flow,1967,1967,tonnes,705158.0,E
100,'356,India,5078,Biological Fixation,7275,Cropland nutrient flow,1968,1968,tonnes,860151.0,E
100,'356,India,5078,Biological Fixation,7275,Cropland nutrient flow,1969,1969,tonnes,778400.0,E
100,'356,India,5078,Biological Fixation,7275,Cropland nutrient flow,1970,1970,tonnes,916997.0,E
100,'356,India,5078,Biological Fixation,7275,Cropland nutrient flow,1971,1971,tonnes,886538.0,E
100,'356,India,5078,Biological Fixation,7275,Cropland nutrient flow,1972,1972,tonnes,752726.0,E
100,'356,India,5078,Biological Fixation,7275,Cropland nutrient flow,1973,1973,tonnes,835480.0,E
100,'356,India,5078,Biological Fixation,7275,Cropland nutrient flow,1974,1974,tonnes,721438.0,E
100,'356,India,5078,Biological Fixation,7275,Cropland nutrient flow,1975,1975,tonnes,847253.0,E
100,'356,India,5078,Biological Fixation,7275,Cropland nutrient flow,1976,1976,tonnes,913599.0,E
100,'356,India,5078,Biological Fixation,7275,Cropland nutrient flow,1977,1977,tonnes,908631.0,E
100,'356,India,5078,Biological Fixation,7275,Cropland nutrient flow,1978,1978,tonnes,923203.0,E
100,'356,India,5078,Biological Fixation,7275,Cropland nutrient flow,1979,1979,tonnes,906988.0,E
100,'356,India,5078,Biological Fixation,7275,Cropland nutrient flow,1980,1980,tonnes,718429.0,E
100,'356,India,5078,Biological Fixation,7275,Cropland nutrient flow,1981,1981,tonnes,916462.0,E
100,'356,India,5078,Biological Fixation,7275,Cropland nutrient flow,1982,1982,tonnes,865805.0,E
100,'356,India,5078,Biological Fixation,7275,Cropland nutrient flow,1983,1983,tonnes,1019588.0,E
100,'356,India,5078,Biological Fixation,7275,Cropland nutrient flow,1984,1984,tonnes,997800.0,E
100,'356,India,5078,Biological Fixation,7275,Cropland nutrient flow,1985,1985,tonnes,924286.0,E
100,'356,India,5078,Biological Fixation,7275,Cropland nutrient flow,1986,1986,tonnes,1039068.0,E
100,'356,India,5078,Biological Fixation,7275,Cropland nutrient flow,1987,1987,tonnes,945048.0,E
100,'356,India,5078,Biological Fixation,7275,Cropland nutrient flow,1988,1988,tonnes,1147537.0,E
100,'356,India,5078,Biological Fixation,7275,Cropland nutrient flow,1989,1989,tonnes,1218975.0,E
100,'356,India,5078,Biological Fixation,7275,Cropland nutrient flow,1990,1990,tonnes,1197303.0,E
100,'356,India,5078,Biological Fixation,7275,Cropland nutrient flow,1991,1991,tonnes,1228563.0,E
100,'356,India,5078,Biological Fixation,7275,Cropland nutrient flow,1992,1992,tonnes,1278377.0,E
100,'356,India,5078,Biological Fixation,7275,Cropland nutrient flow,1993,1993,tonnes,1362091.0,E
100,'356,India,5078,Biological Fixation,7275,Cropland nutrient flow,1994,1994,tonnes,1362045.0,E
100,'356,India,5078,Biological Fixation,7275,Cropland nutrient flow,1995,1995,tonnes,1520030.0,E
100,'356,India,5078,Biological Fixation,7275,Cropland nutrient flow,1996,1996,tonnes,1501009.0,E
100,'356,India,5078,Biological Fixation,7275,Cropland nutrient flow,1997,1997,tonnes,1580790.0,E
100,'356,India,5078,Biological Fixation,7275,Cropland nutrient flow,1998,1998,tonnes,1692237.0,E
100,'356,India,5078,Biological Fixation,7275,Cropland nutrient flow,1999,1999,tonnes,1608991.0,E
100,'356,India,5078,Biological Fixation,7275,Cropland nutrient flow,2000,2000,tonnes,1419141.0,E
100,'356,India,5078,Biological Fixation,7275,Cropland nutrient flow,2001,2001,tonnes,1383400.0,E
100,'356,India,5078,Biological Fixation,7275,Cropland nutrient flow,2002,2002,tonnes,1232195.0,E
100,'356,India,5078,Biological Fixation,7275,Cropland nutrient flow,2003,2003,tonnes,1637862.0,E
100,'356,India,5078,Biological Fixation,7275,Cropland nutrient flow,2004,2004,tonnes,1581036.0,E
100,'356,India,5078,Biological Fixation,7275,Cropland nutrient flow,2005,2005,tonnes,1729662.0,E
100,'356,India,5078,Biological Fixation,7275,Cropland nutrient flow,2006,2006,tonnes,1659818.0,E
100,'356,India,5078,Biological Fixation,7275,Cropland nutrient flow,2007,2007,tonnes,2088974.0,E
100,'356,India,5078,Biological Fixation,7275,Cropland nutrient flow,2008,2008,tonnes,1860719.0,E
100,'356,India,5078,Biological Fixation,7275,Cropland nutrient flow,2009,2009,tonnes,1829760.0,E
100,'356,India,5078,Biological Fixation,7275,Cropland nutrient flow,2010,2010,tonnes,2310745.0,E
100,'356,India,5078,Biological Fixation,7275,Cropland nutrient flow,2011,2011,tonnes,2250470.0,E
100,'356,India,5078,Biological Fixation,7275,Cropland nutrient flow,2012,2012,tonnes,2280565.0,E
100,'356,India,5078,Biological Fixation,7275,Cropland nutrient flow,2013,2013,tonnes,2411340.0,E
100,'356,India,5078,Biological Fixation,7275,Cropland nutrient flow,2014,2014,tonnes,2249620.0,E
100,'356,India,5078,Biological Fixation,7275,Cropland nutrient flow,2015,2015,tonnes,1899990.0,E
100,'356,India,5078,Biological Fixation,7275,Cropland nutrient flow,2016,2016,tonnes,2310480.0,E
100,'356,India,5078,Biological Fixation,7275,Cropland nutrient flow,2017,2017,tonnes,2517800.0,E
100,'356,India,5078,Biological Fixation,7275,Cropland nutrient flow,2018,2018,tonnes,2762353.65,E
100,'356,India,5078,Biological Fixation,7276,Cropland nutrient flow per unit area,1961,1961,kg/ha,5.6644,E
100,'356,India,5078,Biological Fixation,7276,Cropland nutrient flow per unit area,1962,1962,kg/ha,5.2539,E
100,'356,India,5078,Biological Fixation,7276,Cropland nutrient flow per unit area,1963,1963,kg/ha,5.2054,E
100,'356,India,5078,Biological Fixation,7276,Cropland nutrient flow per unit area,1964,1964,kg/ha,4.9022,E
100,'356,India,5078,Biological Fixation,7276,Cropland nutrient flow per unit area,1965,1965,kg/ha,5.1108,E
100,'356,India,5078,Biological Fixation,7276,Cropland nutrient flow per unit area,1966,1966,kg/ha,4.3825,E
100,'356,India,5078,Biological Fixation,7276,Cropland nutrient flow per unit area,1967,1967,kg/ha,4.3053,E
100,'356,India,5078,Biological Fixation,7276,Cropland nutrient flow per unit area,1968,1968,kg/ha,5.2267,E
100,'356,India,5078,Biological Fixation,7276,Cropland nutrient flow per unit area,1969,1969,kg/ha,4.7326,E
100,'356,India,5078,Biological Fixation,7276,Cropland nutrient flow per unit area,1970,1970,kg/ha,5.5555,E
100,'356,India,5078,Biological Fixation,7276,Cropland nutrient flow per unit area,1971,1971,kg/ha,5.3875,E
100,'356,India,5078,Biological Fixation,7276,Cropland nutrient flow per unit area,1972,1972,kg/ha,4.5624,E
100,'356,India,5078,Biological Fixation,7276,Cropland nutrient flow per unit area,1973,1973,kg/ha,5.0317,E
100,'356,India,5078,Biological Fixation,7276,Cropland nutrient flow per unit area,1974,1974,kg/ha,4.3329,E
100,'356,India,5078,Biological Fixation,7276,Cropland nutrient flow per unit area,1975,1975,kg/ha,5.0783,E
100,'356,India,5078,Biological Fixation,7276,Cropland nutrient flow per unit area,1976,1976,kg/ha,5.4688,E
100,'356,India,5078,Biological Fixation,7276,Cropland nutrient flow per unit area,1977,1977,kg/ha,5.439,E
100,'356,India,5078,Biological Fixation,7276,Cropland nutrient flow per unit area,1978,1978,kg/ha,5.4874,E
100,'356,India,5078,Biological Fixation,7276,Cropland nutrient flow per unit area,1979,1979,kg/ha,5.3845,E
100,'356,India,5078,Biological Fixation,7276,Cropland nutrient flow per unit area,1980,1980,kg/ha,4.2724,E
100,'356,India,5078,Biological Fixation,7276,Cropland nutrient flow per unit area,1981,1981,kg/ha,5.4418,E
100,'356,India,5078,Biological Fixation,7276,Cropland nutrient flow per unit area,1982,1982,kg/ha,5.1308,E
100,'356,India,5078,Biological Fixation,7276,Cropland nutrient flow per unit area,1983,1983,kg/ha,6.0498,E
100,'356,India,5078,Biological Fixation,7276,Cropland nutrient flow per unit area,1984,1984,kg/ha,5.8896,E
100,'356,India,5078,Biological Fixation,7276,Cropland nutrient flow per unit area,1985,1985,kg/ha,5.4582,E
100,'356,India,5078,Biological Fixation,7276,Cropland nutrient flow per unit area,1986,1986,kg/ha,6.1335,E
100,'356,India,5078,Biological Fixation,7276,Cropland nutrient flow per unit area,1987,1987,kg/ha,5.5688,E
100,'356,India,5078,Biological Fixation,7276,Cropland nutrient flow per unit area,1988,1988,kg/ha,6.7754,E
100,'356,India,5078,Biological Fixation,7276,Cropland nutrient flow per unit area,1989,1989,kg/ha,7.1715,E
100,'356,India,5078,Biological Fixation,7276,Cropland nutrient flow per unit area,1990,1990,kg/ha,7.0384,E
100,'356,India,5078,Biological Fixation,7276,Cropland nutrient flow per unit area,1991,1991,kg/ha,7.2191,E
100,'356,India,5078,Biological Fixation,7276,Cropland nutrient flow per unit area,1992,1992,kg/ha,7.5196,E
100,'356,India,5078,Biological Fixation,7276,Cropland nutrient flow per unit area,1993,1993,kg/ha,7.9988,E
100,'356,India,5078,Biological Fixation,7276,Cropland nutrient flow per unit area,1994,1994,kg/ha,7.9967,E
100,'356,India,5078,Biological Fixation,7276,Cropland nutrient flow per unit area,1995,1995,kg/ha,8.946,E
100,'356,India,5078,Biological Fixation,7276,Cropland nutrient flow per unit area,1996,1996,kg/ha,8.8542,E
100,'356,India,5078,Biological Fixation,7276,Cropland nutrient flow per unit area,1997,1997,kg/ha,9.2932,E
100,'356,India,5078,Biological Fixation,7276,Cropland nutrient flow per unit area,1998,1998,kg/ha,9.9526,E
100,'356,India,5078,Biological Fixation,7276,Cropland nutrient flow per unit area,1999,1999,kg/ha,9.4577,E
100,'356,India,5078,Biological Fixation,7276,Cropland nutrient flow per unit area,2000,2000,kg/ha,8.3415,E
100,'356,India,5078,Biological Fixation,7276,Cropland nutrient flow per unit area,2001,2001,kg/ha,8.146,E
100,'356,India,5078,Biological Fixation,7276,Cropland nutrient flow per unit area,2002,2002,kg/ha,7.2468,E
100,'356,India,5078,Biological Fixation,7276,Cropland nutrient flow per unit area,2003,2003,kg/ha,9.6459,E
100,'356,India,5078,Biological Fixation,7276,Cropland nutrient flow per unit area,2004,2004,kg/ha,9.3062,E
100,'356,India,5078,Biological Fixation,7276,Cropland nutrient flow per unit area,2005,2005,kg/ha,10.194,E
100,'356,India,5078,Biological Fixation,7276,Cropland nutrient flow per unit area,2006,2006,kg/ha,9.7946,E
100,'356,India,5078,Biological Fixation,7276,Cropland nutrient flow per unit area,2007,2007,kg/ha,12.346,E
100,'356,India,5078,Biological Fixation,7276,Cropland nutrient flow per unit area,2008,2008,kg/ha,10.9845,E
100,'356,India,5078,Biological Fixation,7276,Cropland nutrient flow per unit area,2009,2009,kg/ha,10.7808,E
100,'356,India,5078,Biological Fixation,7276,Cropland nutrient flow per unit area,2010,2010,kg/ha,13.6541,E
100,'356,India,5078,Biological Fixation,7276,Cropland nutrient flow per unit area,2011,2011,kg/ha,13.2874,E
100,'356,India,5078,Biological Fixation,7276,Cropland nutrient flow per unit area,2012,2012,kg/ha,13.4669,E
100,'356,India,5078,Biological Fixation,7276,Cropland nutrient flow per unit area,2013,2013,kg/ha,14.2311,E
100,'356,India,5078,Biological Fixation,7276,Cropland nutrient flow per unit area,2014,2014,kg/ha,13.275,E
100,'356,India,5078,Biological Fixation,7276,Cropland nutrient flow per unit area,2015,2015,kg/ha,11.2149,E
100,'356,India,5078,Biological Fixation,7276,Cropland nutrient flow per unit area,2016,2016,kg/ha,13.6379,E
100,'356,India,5078,Biological Fixation,7276,Cropland nutrient flow per unit area,2017,2017,kg/ha,14.8616,E
100,'356,India,5078,Biological Fixation,7276,Cropland nutrient flow per unit area,2018,2018,kg/ha,16.3052,E
100,'356,India,5079,Input,7275,Cropland nutrient flow,1961,1961,tonnes,4091700.7349,E
100,'356,India,5079,Input,7275,Cropland nutrient flow,1962,1962,tonnes,4153085.4628,E
100,'356,India,5079,Input,7275,Cropland nutrient flow,1963,1963,tonnes,4215133.3039,E
100,'356,India,5079,Input,7275,Cropland nutrient flow,1964,1964,tonnes,4388355.7388,E
100,'356,India,5079,Input,7275,Cropland nutrient flow,1965,1965,tonnes,4481496.0341,E
100,'356,India,5079,Input,7275,Cropland nutrient flow,1966,1966,tonnes,4597196.4073,E
100,'356,India,5079,Input,7275,Cropland nutrient flow,1967,1967,tonnes,4933617.7464,E
100,'356,India,5079,Input,7275,Cropland nutrient flow,1968,1968,tonnes,5330410.0646,E
100,'356,India,5079,Input,7275,Cropland nutrient flow,1969,1969,tonnes,5442830.9317,E
100,'356,India,5079,Input,7275,Cropland nutrient flow,1970,1970,tonnes,5748534.6394,E
100,'356,India,5079,Input,7275,Cropland nutrient flow,1971,1971,tonnes,6083919.7919,E
100,'356,India,5079,Input,7275,Cropland nutrient flow,1972,1972,tonnes,6050993.7017,E
100,'356,India,5079,Input,7275,Cropland nutrient flow,1973,1973,tonnes,6180251.574,E
100,'356,India,5079,Input,7275,Cropland nutrient flow,1974,1974,tonnes,6056418.6769,E
100,'356,India,5079,Input,7275,Cropland nutrient flow,1975,1975,tonnes,7219580.0124,E
100,'356,India,5079,Input,7275,Cropland nutrient flow,1976,1976,tonnes,7057338.4067,E
100,'356,India,5079,Input,7275,Cropland nutrient flow,1977,1977,tonnes,7561040.8663,E
100,'356,India,5079,Input,7275,Cropland nutrient flow,1978,1978,tonnes,8161601.8588,E
100,'356,India,5079,Input,7275,Cropland nutrient flow,1979,1979,tonnes,8301593.18,E
100,'356,India,5079,Input,7275,Cropland nutrient flow,1980,1980,tonnes,8357133.7594,E
100,'356,India,5079,Input,7275,Cropland nutrient flow,1981,1981,tonnes,9015105.2619,E
100,'356,India,5079,Input,7275,Cropland nutrient flow,1982,1982,tonnes,9016315.9742,E
100,'356,India,5079,Input,7275,Cropland nutrient flow,1983,1983,tonnes,9839009.6811,E
100,'356,India,5079,Input,7275,Cropland nutrient flow,1984,1984,tonnes,10594410.8078,E
100,'356,India,5079,Input,7275,Cropland nutrient flow,1985,1985,tonnes,10991758.118,E
100,'356,India,5079,Input,7275,Cropland nutrient flow,1986,1986,tonnes,11953566.2269,E
100,'356,India,5079,Input,7275,Cropland nutrient flow,1987,1987,tonnes,11081132.3001,E
100,'356,India,5079,Input,7275,Cropland nutrient flow,1988,1988,tonnes,12785381.5873,E
100,'356,India,5079,Input,7275,Cropland nutrient flow,1989,1989,tonnes,12917571.834,E
100,'356,India,5079,Input,7275,Cropland nutrient flow,1990,1990,tonnes,13373231.7783,E
100,'356,India,5079,Input,7275,Cropland nutrient flow,1991,1991,tonnes,13941207.9053,E
100,'356,India,5079,Input,7275,Cropland nutrient flow,1992,1992,tonnes,14439002.0089,E
100,'356,India,5079,Input,7275,Cropland nutrient flow,1993,1993,tonnes,14930395.4031,E
100,'356,India,5079,Input,7275,Cropland nutrient flow,1994,1994,tonnes,15715051.7639,E
100,'356,India,5079,Input,7275,Cropland nutrient flow,1995,1995,tonnes,16227414.2069,E
100,'356,India,5079,Input,7275,Cropland nutrient flow,1996,1996,tonnes,16745281.8531,E
100,'356,India,5079,Input,7275,Cropland nutrient flow,1997,1997,tonnes,17472642.2403,E
100,'356,India,5079,Input,7275,Cropland nutrient flow,1998,1998,tonnes,18080976.4427,E
100,'356,India,5079,Input,7275,Cropland nutrient flow,1999,1999,tonnes,18287193.8186,E
100,'356,India,5079,Input,7275,Cropland nutrient flow,2000,2000,tonnes,17481196.4429,E
100,'356,India,5079,Input,7275,Cropland nutrient flow,2001,2001,tonnes,17893915.1923,E
100,'356,India,5079,Input,7275,Cropland nutrient flow,2002,2002,tonnes,16973672.866,E
100,'356,India,5079,Input,7275,Cropland nutrient flow,2003,2003,tonnes,18051109.5132,E
100,'356,India,5079,Input,7275,Cropland nutrient flow,2004,2004,tonnes,18714042.299,E
100,'356,India,5079,Input,7275,Cropland nutrient flow,2005,2005,tonnes,19968972.4772,E
100,'356,India,5079,Input,7275,Cropland nutrient flow,2006,2006,tonnes,21027789.9067,E
100,'356,India,5079,Input,7275,Cropland nutrient flow,2007,2007,tonnes,22215923.2233,E
100,'356,India,5079,Input,7275,Cropland nutrient flow,2008,2008,tonnes,22496978.8546,E
100,'356,India,5079,Input,7275,Cropland nutrient flow,2009,2009,tonnes,23218384.5998,E
100,'356,India,5079,Input,7275,Cropland nutrient flow,2010,2010,tonnes,24633279.4352,E
100,'356,India,5079,Input,7275,Cropland nutrient flow,2011,2011,tonnes,25545485.6185,E
100,'356,India,5079,Input,7275,Cropland nutrient flow,2012,2012,tonnes,25030989.2484,E
100,'356,India,5079,Input,7275,Cropland nutrient flow,2013,2013,tonnes,25092899.3091,E
100,'356,India,5079,Input,7275,Cropland nutrient flow,2014,2014,tonnes,25134595.1438,E
100,'356,India,5079,Input,7275,Cropland nutrient flow,2015,2015,tonnes,25215745.4702,E
100,'356,India,5079,Input,7275,Cropland nutrient flow,2016,2016,tonnes,25025287.5902,E
100,'356,India,5079,Input,7275,Cropland nutrient flow,2017,2017,tonnes,25466044.0496,E
100,'356,India,5079,Input,7275,Cropland nutrient flow,2018,2018,tonnes,26386847.7263,E
100,'356,India,5079,Input,7276,Cropland nutrient flow per unit area,1961,1961,kg/ha,25.4165,E
100,'356,India,5079,Input,7276,Cropland nutrient flow per unit area,1962,1962,kg/ha,25.5732,E
100,'356,India,5079,Input,7276,Cropland nutrient flow per unit area,1963,1963,kg/ha,26.0113,E
100,'356,India,5079,Input,7276,Cropland nutrient flow per unit area,1964,1964,kg/ha,27.0689,E
100,'356,India,5079,Input,7276,Cropland nutrient flow per unit area,1965,1965,kg/ha,27.5896,E
100,'356,India,5079,Input,7276,Cropland nutrient flow per unit area,1966,1966,kg/ha,28.2522,E
100,'356,India,5079,Input,7276,Cropland nutrient flow per unit area,1967,1967,kg/ha,30.1216,E
100,'356,India,5079,Input,7276,Cropland nutrient flow per unit area,1968,1968,kg/ha,32.3901,E
100,'356,India,5079,Input,7276,Cropland nutrient flow per unit area,1969,1969,kg/ha,33.0919,E
100,'356,India,5079,Input,7276,Cropland nutrient flow per unit area,1970,1970,kg/ha,34.8269,E
100,'356,India,5079,Input,7276,Cropland nutrient flow per unit area,1971,1971,kg/ha,36.9717,E
100,'356,India,5079,Input,7276,Cropland nutrient flow per unit area,1972,1972,kg/ha,36.6758,E
100,'356,India,5079,Input,7276,Cropland nutrient flow per unit area,1973,1973,kg/ha,37.2206,E
100,'356,India,5079,Input,7276,Cropland nutrient flow per unit area,1974,1974,kg/ha,36.3747,E
100,'356,India,5079,Input,7276,Cropland nutrient flow per unit area,1975,1975,kg/ha,43.273,E
100,'356,India,5079,Input,7276,Cropland nutrient flow per unit area,1976,1976,kg/ha,42.2451,E
100,'356,India,5079,Input,7276,Cropland nutrient flow per unit area,1977,1977,kg/ha,45.2597,E
100,'356,India,5079,Input,7276,Cropland nutrient flow per unit area,1978,1978,kg/ha,48.5119,E
100,'356,India,5079,Input,7276,Cropland nutrient flow per unit area,1979,1979,kg/ha,49.284,E
100,'356,India,5079,Input,7276,Cropland nutrient flow per unit area,1980,1980,kg/ha,49.6993,E
100,'356,India,5079,Input,7276,Cropland nutrient flow per unit area,1981,1981,kg/ha,53.5301,E
100,'356,India,5079,Input,7276,Cropland nutrient flow per unit area,1982,1982,kg/ha,53.4313,E
100,'356,India,5079,Input,7276,Cropland nutrient flow per unit area,1983,1983,kg/ha,58.3807,E
100,'356,India,5079,Input,7276,Cropland nutrient flow per unit area,1984,1984,kg/ha,62.5342,E
100,'356,India,5079,Input,7276,Cropland nutrient flow per unit area,1985,1985,kg/ha,64.9094,E
100,'356,India,5079,Input,7276,Cropland nutrient flow per unit area,1986,1986,kg/ha,70.5604,E
100,'356,India,5079,Input,7276,Cropland nutrient flow per unit area,1987,1987,kg/ha,65.2964,E
100,'356,India,5079,Input,7276,Cropland nutrient flow per unit area,1988,1988,kg/ha,75.4888,E
100,'356,India,5079,Input,7276,Cropland nutrient flow per unit area,1989,1989,kg/ha,75.9964,E
100,'356,India,5079,Input,7276,Cropland nutrient flow per unit area,1990,1990,kg/ha,78.6157,E
100,'356,India,5079,Input,7276,Cropland nutrient flow per unit area,1991,1991,kg/ha,81.9194,E
100,'356,India,5079,Input,7276,Cropland nutrient flow per unit area,1992,1992,kg/ha,84.9323,E
100,'356,India,5079,Input,7276,Cropland nutrient flow per unit area,1993,1993,kg/ha,87.6783,E
100,'356,India,5079,Input,7276,Cropland nutrient flow per unit area,1994,1994,kg/ha,92.2651,E
100,'356,India,5079,Input,7276,Cropland nutrient flow per unit area,1995,1995,kg/ha,95.5054,E
100,'356,India,5079,Input,7276,Cropland nutrient flow per unit area,1996,1996,kg/ha,98.7777,E
100,'356,India,5079,Input,7276,Cropland nutrient flow per unit area,1997,1997,kg/ha,102.7192,E
100,'356,India,5079,Input,7276,Cropland nutrient flow per unit area,1998,1998,kg/ha,106.3405,E
100,'356,India,5079,Input,7276,Cropland nutrient flow per unit area,1999,1999,kg/ha,107.4927,E
100,'356,India,5079,Input,7276,Cropland nutrient flow per unit area,2000,2000,kg/ha,102.752,E
100,'356,India,5079,Input,7276,Cropland nutrient flow per unit area,2001,2001,kg/ha,105.3668,E
100,'356,India,5079,Input,7276,Cropland nutrient flow per unit area,2002,2002,kg/ha,99.8263,E
100,'356,India,5079,Input,7276,Cropland nutrient flow per unit area,2003,2003,kg/ha,106.3087,E
100,'356,India,5079,Input,7276,Cropland nutrient flow per unit area,2004,2004,kg/ha,110.1532,E
100,'356,India,5079,Input,7276,Cropland nutrient flow per unit area,2005,2005,kg/ha,117.6902,E
100,'356,India,5079,Input,7276,Cropland nutrient flow per unit area,2006,2006,kg/ha,124.0856,E
100,'356,India,5079,Input,7276,Cropland nutrient flow per unit area,2007,2007,kg/ha,131.2982,E
100,'356,India,5079,Input,7276,Cropland nutrient flow per unit area,2008,2008,kg/ha,132.8078,E
100,'356,India,5079,Input,7276,Cropland nutrient flow per unit area,2009,2009,kg/ha,136.8008,E
100,'356,India,5079,Input,7276,Cropland nutrient flow per unit area,2010,2010,kg/ha,145.5575,E
100,'356,India,5079,Input,7276,Cropland nutrient flow per unit area,2011,2011,kg/ha,150.8274,E
100,'356,India,5079,Input,7276,Cropland nutrient flow per unit area,2012,2012,kg/ha,147.8097,E
100,'356,India,5079,Input,7276,Cropland nutrient flow per unit area,2013,2013,kg/ha,148.0914,E
100,'356,India,5079,Input,7276,Cropland nutrient flow per unit area,2014,2014,kg/ha,148.3191,E
100,'356,India,5079,Input,7276,Cropland nutrient flow per unit area,2015,2015,kg/ha,148.8392,E
100,'356,India,5079,Input,7276,Cropland nutrient flow per unit area,2016,2016,kg/ha,147.715,E
100,'356,India,5079,Input,7276,Cropland nutrient flow per unit area,2017,2017,kg/ha,150.3166,E
100,'356,India,5079,Input,7276,Cropland nutrient flow per unit area,2018,2018,kg/ha,155.7518,E
100,'356,India,5080,Outputs,7275,Cropland nutrient flow,1961,1961,tonnes,1950671.385,E
100,'356,India,5080,Outputs,7275,Cropland nutrient flow,1962,1962,tonnes,2002824.184,E
100,'356,India,5080,Outputs,7275,Cropland nutrient flow,1963,1963,tonnes,2032293.826,E
100,'356,India,5080,Outputs,7275,Cropland nutrient flow,1964,1964,tonnes,2060906.903,E
100,'356,India,5080,Outputs,7275,Cropland nutrient flow,1965,1965,tonnes,1881502.065,E
100,'356,India,5080,Outputs,7275,Cropland nutrient flow,1966,1966,tonnes,1887544.785,E
100,'356,India,5080,Outputs,7275,Cropland nutrient flow,1967,1967,tonnes,2128392.19,E
100,'356,India,5080,Outputs,7275,Cropland nutrient flow,1968,1968,tonnes,2244783.698,E
100,'356,India,5080,Outputs,7275,Cropland nutrient flow,1969,1969,tonnes,2376543.85,E
100,'356,India,5080,Outputs,7275,Cropland nutrient flow,1970,1970,tonnes,2539197.002,E
100,'356,India,5080,Outputs,7275,Cropland nutrient flow,1971,1971,tonnes,2564983.303,E
100,'356,India,5080,Outputs,7275,Cropland nutrient flow,1972,1972,tonnes,2441508.425,E
100,'356,India,5080,Outputs,7275,Cropland nutrient flow,1973,1973,tonnes,2692709.726,E
100,'356,India,5080,Outputs,7275,Cropland nutrient flow,1974,1974,tonnes,2458420.983,E
100,'356,India,5080,Outputs,7275,Cropland nutrient flow,1975,1975,tonnes,2823953.555,E
100,'356,India,5080,Outputs,7275,Cropland nutrient flow,1976,1976,tonnes,2745877.481,E
100,'356,India,5080,Outputs,7275,Cropland nutrient flow,1977,1977,tonnes,3042528.19,E
100,'356,India,5080,Outputs,7275,Cropland nutrient flow,1978,1978,tonnes,3184909.017,E
100,'356,India,5080,Outputs,7275,Cropland nutrient flow,1979,1979,tonnes,2912125.906,E
100,'356,India,5080,Outputs,7275,Cropland nutrient flow,1980,1980,tonnes,3090552.874,E
100,'356,India,5080,Outputs,7275,Cropland nutrient flow,1981,1981,tonnes,3278555.253,E
100,'356,India,5080,Outputs,7275,Cropland nutrient flow,1982,1982,tonnes,3166466.819,E
100,'356,India,5080,Outputs,7275,Cropland nutrient flow,1983,1983,tonnes,3668561.713,E
100,'356,India,5080,Outputs,7275,Cropland nutrient flow,1984,1984,tonnes,3697502.61,E
100,'356,India,5080,Outputs,7275,Cropland nutrient flow,1985,1985,tonnes,3679030.959,E
100,'356,India,5080,Outputs,7275,Cropland nutrient flow,1986,1986,tonnes,3636267.199,E
100,'356,India,5080,Outputs,7275,Cropland nutrient flow,1987,1987,tonnes,3503236.0752,E
100,'356,India,5080,Outputs,7275,Cropland nutrient flow,1988,1988,tonnes,4116639.0219,E
100,'356,India,5080,Outputs,7275,Cropland nutrient flow,1989,1989,tonnes,4507627.3381,E
100,'356,India,5080,Outputs,7275,Cropland nutrient flow,1990,1990,tonnes,4444252.7147,E
100,'356,India,5080,Outputs,7275,Cropland nutrient flow,1991,1991,tonnes,4479977.3073,E
100,'356,India,5080,Outputs,7275,Cropland nutrient flow,1992,1992,tonnes,4817759.0592,E
100,'356,India,5080,Outputs,7275,Cropland nutrient flow,1993,1993,tonnes,4944110.375,E
100,'356,India,5080,Outputs,7275,Cropland nutrient flow,1994,1994,tonnes,5054143.677,E
100,'356,India,5080,Outputs,7275,Cropland nutrient flow,1995,1995,tonnes,5209139.431,E
100,'356,India,5080,Outputs,7275,Cropland nutrient flow,1996,1996,tonnes,5409459.256,E
100,'356,India,5080,Outputs,7275,Cropland nutrient flow,1997,1997,tonnes,5497330.091,E
100,'356,India,5080,Outputs,7275,Cropland nutrient flow,1998,1998,tonnes,5552279.439,E
100,'356,India,5080,Outputs,7275,Cropland nutrient flow,1999,1999,tonnes,5746339.8,E
100,'356,India,5080,Outputs,7275,Cropland nutrient flow,2000,2000,tonnes,5636684.04,E
100,'356,India,5080,Outputs,7275,Cropland nutrient flow,2001,2001,tonnes,5834626.783,E
100,'356,India,5080,Outputs,7275,Cropland nutrient flow,2002,2002,tonnes,5135104.8497,E
100,'356,India,5080,Outputs,7275,Cropland nutrient flow,2003,2003,tonnes,5967603.3321,E
100,'356,India,5080,Outputs,7275,Cropland nutrient flow,2004,2004,tonnes,5936894.1517,E
100,'356,India,5080,Outputs,7275,Cropland nutrient flow,2005,2005,tonnes,6156886.1982,E
100,'356,India,5080,Outputs,7275,Cropland nutrient flow,2006,2006,tonnes,6512637.4273,E
100,'356,India,5080,Outputs,7275,Cropland nutrient flow,2007,2007,tonnes,7243180.3276,E
100,'356,India,5080,Outputs,7275,Cropland nutrient flow,2008,2008,tonnes,7187579.8424,E
100,'356,India,5080,Outputs,7275,Cropland nutrient flow,2009,2009,tonnes,6979542.9912,E
100,'356,India,5080,Outputs,7275,Cropland nutrient flow,2010,2010,tonnes,7943826.9574,E
100,'356,India,5080,Outputs,7275,Cropland nutrient flow,2011,2011,tonnes,8399275.5464,E
100,'356,India,5080,Outputs,7275,Cropland nutrient flow,2012,2012,tonnes,8697945.932,E
100,'356,India,5080,Outputs,7275,Cropland nutrient flow,2013,2013,tonnes,8670166.526,E
100,'356,India,5080,Outputs,7275,Cropland nutrient flow,2014,2014,tonnes,8652331.7946,E
100,'356,India,5080,Outputs,7275,Cropland nutrient flow,2015,2015,tonnes,8074768.053,E
100,'356,India,5080,Outputs,7275,Cropland nutrient flow,2016,2016,tonnes,8768101.9812,E
100,'356,India,5080,Outputs,7275,Cropland nutrient flow,2017,2017,tonnes,9010053.0594,E
100,'356,India,5080,Outputs,7275,Cropland nutrient flow,2018,2018,tonnes,9157177.0374,E
100,'356,India,5080,Outputs,7276,Cropland nutrient flow per unit area,1961,1961,kg/ha,12.117,E
100,'356,India,5080,Outputs,7276,Cropland nutrient flow per unit area,1962,1962,kg/ha,12.3327,E
100,'356,India,5080,Outputs,7276,Cropland nutrient flow per unit area,1963,1963,kg/ha,12.5412,E
100,'356,India,5080,Outputs,7276,Cropland nutrient flow per unit area,1964,1964,kg/ha,12.7124,E
100,'356,India,5080,Outputs,7276,Cropland nutrient flow per unit area,1965,1965,kg/ha,11.5832,E
100,'356,India,5080,Outputs,7276,Cropland nutrient flow per unit area,1966,1966,kg/ha,11.6,E
100,'356,India,5080,Outputs,7276,Cropland nutrient flow per unit area,1967,1967,kg/ha,12.9946,E
100,'356,India,5080,Outputs,7276,Cropland nutrient flow per unit area,1968,1968,kg/ha,13.6404,E
100,'356,India,5080,Outputs,7276,Cropland nutrient flow per unit area,1969,1969,kg/ha,14.4492,E
100,'356,India,5080,Outputs,7276,Cropland nutrient flow per unit area,1970,1970,kg/ha,15.3835,E
100,'356,India,5080,Outputs,7276,Cropland nutrient flow per unit area,1971,1971,kg/ha,15.5873,E
100,'356,India,5080,Outputs,7276,Cropland nutrient flow per unit area,1972,1972,kg/ha,14.7983,E
100,'356,India,5080,Outputs,7276,Cropland nutrient flow per unit area,1973,1973,kg/ha,16.2168,E
100,'356,India,5080,Outputs,7276,Cropland nutrient flow per unit area,1974,1974,kg/ha,14.7652,E
100,'356,India,5080,Outputs,7276,Cropland nutrient flow per unit area,1975,1975,kg/ha,16.9263,E
100,'356,India,5080,Outputs,7276,Cropland nutrient flow per unit area,1976,1976,kg/ha,16.4368,E
100,'356,India,5080,Outputs,7276,Cropland nutrient flow per unit area,1977,1977,kg/ha,18.2123,E
100,'356,India,5080,Outputs,7276,Cropland nutrient flow per unit area,1978,1978,kg/ha,18.9309,E
100,'356,India,5080,Outputs,7276,Cropland nutrient flow per unit area,1979,1979,kg/ha,17.2884,E
100,'356,India,5080,Outputs,7276,Cropland nutrient flow per unit area,1980,1980,kg/ha,18.3793,E
100,'356,India,5080,Outputs,7276,Cropland nutrient flow per unit area,1981,1981,kg/ha,19.4675,E
100,'356,India,5080,Outputs,7276,Cropland nutrient flow per unit area,1982,1982,kg/ha,18.7647,E
100,'356,India,5080,Outputs,7276,Cropland nutrient flow per unit area,1983,1983,kg/ha,21.7677,E
100,'356,India,5080,Outputs,7276,Cropland nutrient flow per unit area,1984,1984,kg/ha,21.8247,E
100,'356,India,5080,Outputs,7276,Cropland nutrient flow per unit area,1985,1985,kg/ha,21.7257,E
100,'356,India,5080,Outputs,7276,Cropland nutrient flow per unit area,1986,1986,kg/ha,21.4644,E
100,'356,India,5080,Outputs,7276,Cropland nutrient flow per unit area,1987,1987,kg/ha,20.6431,E
100,'356,India,5080,Outputs,7276,Cropland nutrient flow per unit area,1988,1988,kg/ha,24.3059,E
100,'356,India,5080,Outputs,7276,Cropland nutrient flow per unit area,1989,1989,kg/ha,26.5192,E
100,'356,India,5080,Outputs,7276,Cropland nutrient flow per unit area,1990,1990,kg/ha,26.1259,E
100,'356,India,5080,Outputs,7276,Cropland nutrient flow per unit area,1991,1991,kg/ha,26.3246,E
100,'356,India,5080,Outputs,7276,Cropland nutrient flow per unit area,1992,1992,kg/ha,28.3388,E
100,'356,India,5080,Outputs,7276,Cropland nutrient flow per unit area,1993,1993,kg/ha,29.0342,E
100,'356,India,5080,Outputs,7276,Cropland nutrient flow per unit area,1994,1994,kg/ha,29.6735,E
100,'356,India,5080,Outputs,7276,Cropland nutrient flow per unit area,1995,1995,kg/ha,30.658,E
100,'356,India,5080,Outputs,7276,Cropland nutrient flow per unit area,1996,1996,kg/ha,31.9095,E
100,'356,India,5080,Outputs,7276,Cropland nutrient flow per unit area,1997,1997,kg/ha,32.318,E
100,'356,India,5080,Outputs,7276,Cropland nutrient flow per unit area,1998,1998,kg/ha,32.6549,E
100,'356,India,5080,Outputs,7276,Cropland nutrient flow per unit area,1999,1999,kg/ha,33.7772,E
100,'356,India,5080,Outputs,7276,Cropland nutrient flow per unit area,2000,2000,kg/ha,33.1316,E
100,'356,India,5080,Outputs,7276,Cropland nutrient flow per unit area,2001,2001,kg/ha,34.3567,E
100,'356,India,5080,Outputs,7276,Cropland nutrient flow per unit area,2002,2002,kg/ha,30.2008,E
100,'356,India,5080,Outputs,7276,Cropland nutrient flow per unit area,2003,2003,kg/ha,35.1451,E
100,'356,India,5080,Outputs,7276,Cropland nutrient flow per unit area,2004,2004,kg/ha,34.9453,E
100,'356,India,5080,Outputs,7276,Cropland nutrient flow per unit area,2005,2005,kg/ha,36.2866,E
100,'356,India,5080,Outputs,7276,Cropland nutrient flow per unit area,2006,2006,kg/ha,38.4313,E
100,'356,India,5080,Outputs,7276,Cropland nutrient flow per unit area,2007,2007,kg/ha,42.8079,E
100,'356,India,5080,Outputs,7276,Cropland nutrient flow per unit area,2008,2008,kg/ha,42.4309,E
100,'356,India,5080,Outputs,7276,Cropland nutrient flow per unit area,2009,2009,kg/ha,41.1229,E
100,'356,India,5080,Outputs,7276,Cropland nutrient flow per unit area,2010,2010,kg/ha,46.9399,E
100,'356,India,5080,Outputs,7276,Cropland nutrient flow per unit area,2011,2011,kg/ha,49.5916,E
100,'356,India,5080,Outputs,7276,Cropland nutrient flow per unit area,2012,2012,kg/ha,51.362,E
100,'356,India,5080,Outputs,7276,Cropland nutrient flow per unit area,2013,2013,kg/ha,51.1689,E
100,'356,India,5080,Outputs,7276,Cropland nutrient flow per unit area,2014,2014,kg/ha,51.0574,E
100,'356,India,5080,Outputs,7276,Cropland nutrient flow per unit area,2015,2015,kg/ha,47.6624,E
100,'356,India,5080,Outputs,7276,Cropland nutrient flow per unit area,2016,2016,kg/ha,51.7549,E
100,'356,India,5080,Outputs,7276,Cropland nutrient flow per unit area,2017,2017,kg/ha,53.183,E
100,'356,India,5080,Outputs,7276,Cropland nutrient flow per unit area,2018,2018,kg/ha,54.0514,E
100,'356,India,5081,Soil nutrient budget,7275,Cropland nutrient flow,1961,1961,tonnes,2141029.3499,E
100,'356,India,5081,Soil nutrient budget,7275,Cropland nutrient flow,1962,1962,tonnes,2150261.2788,E
100,'356,India,5081,Soil nutrient budget,7275,Cropland nutrient flow,1963,1963,tonnes,2182839.4779,E
100,'356,India,5081,Soil nutrient budget,7275,Cropland nutrient flow,1964,1964,tonnes,2327448.8358,E
100,'356,India,5081,Soil nutrient budget,7275,Cropland nutrient flow,1965,1965,tonnes,2599993.9691,E
100,'356,India,5081,Soil nutrient budget,7275,Cropland nutrient flow,1966,1966,tonnes,2709651.6223,E
100,'356,India,5081,Soil nutrient budget,7275,Cropland nutrient flow,1967,1967,tonnes,2805225.5564,E
100,'356,India,5081,Soil nutrient budget,7275,Cropland nutrient flow,1968,1968,tonnes,3085626.3666,E
100,'356,India,5081,Soil nutrient budget,7275,Cropland nutrient flow,1969,1969,tonnes,3066287.0817,E
100,'356,India,5081,Soil nutrient budget,7275,Cropland nutrient flow,1970,1970,tonnes,3209337.6374,E
100,'356,India,5081,Soil nutrient budget,7275,Cropland nutrient flow,1971,1971,tonnes,3518936.4889,E
100,'356,India,5081,Soil nutrient budget,7275,Cropland nutrient flow,1972,1972,tonnes,3609485.2767,E
100,'356,India,5081,Soil nutrient budget,7275,Cropland nutrient flow,1973,1973,tonnes,3487541.848,E
100,'356,India,5081,Soil nutrient budget,7275,Cropland nutrient flow,1974,1974,tonnes,3597997.6939,E
100,'356,India,5081,Soil nutrient budget,7275,Cropland nutrient flow,1975,1975,tonnes,4395626.4574,E
100,'356,India,5081,Soil nutrient budget,7275,Cropland nutrient flow,1976,1976,tonnes,4311460.9257,E
100,'356,India,5081,Soil nutrient budget,7275,Cropland nutrient flow,1977,1977,tonnes,4518512.6763,E
100,'356,India,5081,Soil nutrient budget,7275,Cropland nutrient flow,1978,1978,tonnes,4976692.8418,E
100,'356,India,5081,Soil nutrient budget,7275,Cropland nutrient flow,1979,1979,tonnes,5389467.274,E
100,'356,India,5081,Soil nutrient budget,7275,Cropland nutrient flow,1980,1980,tonnes,5266580.8854,E
100,'356,India,5081,Soil nutrient budget,7275,Cropland nutrient flow,1981,1981,tonnes,5736550.0089,E
100,'356,India,5081,Soil nutrient budget,7275,Cropland nutrient flow,1982,1982,tonnes,5849849.1552,E
100,'356,India,5081,Soil nutrient budget,7275,Cropland nutrient flow,1983,1983,tonnes,6170447.9681,E
100,'356,India,5081,Soil nutrient budget,7275,Cropland nutrient flow,1984,1984,tonnes,6896908.1978,E
100,'356,India,5081,Soil nutrient budget,7275,Cropland nutrient flow,1985,1985,tonnes,7312727.159,E
100,'356,India,5081,Soil nutrient budget,7275,Cropland nutrient flow,1986,1986,tonnes,8317299.0279,E
100,'356,India,5081,Soil nutrient budget,7275,Cropland nutrient flow,1987,1987,tonnes,7577896.2249,E
100,'356,India,5081,Soil nutrient budget,7275,Cropland nutrient flow,1988,1988,tonnes,8668742.5654,E
100,'356,India,5081,Soil nutrient budget,7275,Cropland nutrient flow,1989,1989,tonnes,8409944.4959,E
100,'356,India,5081,Soil nutrient budget,7275,Cropland nutrient flow,1990,1990,tonnes,8928979.0636,E
100,'356,India,5081,Soil nutrient budget,7275,Cropland nutrient flow,1991,1991,tonnes,9461230.598,E
100,'356,India,5081,Soil nutrient budget,7275,Cropland nutrient flow,1992,1992,tonnes,9621242.9497,E
100,'356,India,5081,Soil nutrient budget,7275,Cropland nutrient flow,1993,1993,tonnes,9986285.0281,E
100,'356,India,5081,Soil nutrient budget,7275,Cropland nutrient flow,1994,1994,tonnes,10660908.0869,E
100,'356,India,5081,Soil nutrient budget,7275,Cropland nutrient flow,1995,1995,tonnes,11018274.7759,E
100,'356,India,5081,Soil nutrient budget,7275,Cropland nutrient flow,1996,1996,tonnes,11335822.5971,E
100,'356,India,5081,Soil nutrient budget,7275,Cropland nutrient flow,1997,1997,tonnes,11975312.1493,E
100,'356,India,5081,Soil nutrient budget,7275,Cropland nutrient flow,1998,1998,tonnes,12528697.0037,E
100,'356,India,5081,Soil nutrient budget,7275,Cropland nutrient flow,1999,1999,tonnes,12540854.0186,E
100,'356,India,5081,Soil nutrient budget,7275,Cropland nutrient flow,2000,2000,tonnes,11844512.4029,E
100,'356,India,5081,Soil nutrient budget,7275,Cropland nutrient flow,2001,2001,tonnes,12059288.4093,E
100,'356,India,5081,Soil nutrient budget,7275,Cropland nutrient flow,2002,2002,tonnes,11838568.0163,E
100,'356,India,5081,Soil nutrient budget,7275,Cropland nutrient flow,2003,2003,tonnes,12083506.1811,E
100,'356,India,5081,Soil nutrient budget,7275,Cropland nutrient flow,2004,2004,tonnes,12777148.1473,E
100,'356,India,5081,Soil nutrient budget,7275,Cropland nutrient flow,2005,2005,tonnes,13812086.279,E
100,'356,India,5081,Soil nutrient budget,7275,Cropland nutrient flow,2006,2006,tonnes,14515152.4794,E
100,'356,India,5081,Soil nutrient budget,7275,Cropland nutrient flow,2007,2007,tonnes,14972742.8957,E
100,'356,India,5081,Soil nutrient budget,7275,Cropland nutrient flow,2008,2008,tonnes,15309399.0122,E
100,'356,India,5081,Soil nutrient budget,7275,Cropland nutrient flow,2009,2009,tonnes,16238841.6086,E
100,'356,India,5081,Soil nutrient budget,7275,Cropland nutrient flow,2010,2010,tonnes,16689452.4778,E
100,'356,India,5081,Soil nutrient budget,7275,Cropland nutrient flow,2011,2011,tonnes,17146210.0721,E
100,'356,India,5081,Soil nutrient budget,7275,Cropland nutrient flow,2012,2012,tonnes,16333043.3164,E
100,'356,India,5081,Soil nutrient budget,7275,Cropland nutrient flow,2013,2013,tonnes,16422732.7831,E
100,'356,India,5081,Soil nutrient budget,7275,Cropland nutrient flow,2014,2014,tonnes,16482263.3492,E
100,'356,India,5081,Soil nutrient budget,7275,Cropland nutrient flow,2015,2015,tonnes,17140977.4172,E
100,'356,India,5081,Soil nutrient budget,7275,Cropland nutrient flow,2016,2016,tonnes,16257185.609,E
100,'356,India,5081,Soil nutrient budget,7275,Cropland nutrient flow,2017,2017,tonnes,16455990.9902,E
100,'356,India,5081,Soil nutrient budget,7275,Cropland nutrient flow,2018,2018,tonnes,17229670.6889,E
100,'356,India,5081,Soil nutrient budget,7276,Cropland nutrient flow per unit area,1961,1961,kg/ha,13.2995,E
100,'356,India,5081,Soil nutrient budget,7276,Cropland nutrient flow per unit area,1962,1962,kg/ha,13.2405,E
100,'356,India,5081,Soil nutrient budget,7276,Cropland nutrient flow per unit area,1963,1963,kg/ha,13.4702,E
100,'356,India,5081,Soil nutrient budget,7276,Cropland nutrient flow per unit area,1964,1964,kg/ha,14.3565,E
100,'356,India,5081,Soil nutrient budget,7276,Cropland nutrient flow per unit area,1965,1965,kg/ha,16.0065,E
100,'356,India,5081,Soil nutrient budget,7276,Cropland nutrient flow per unit area,1966,1966,kg/ha,16.6522,E
100,'356,India,5081,Soil nutrient budget,7276,Cropland nutrient flow per unit area,1967,1967,kg/ha,17.127,E
100,'356,India,5081,Soil nutrient budget,7276,Cropland nutrient flow per unit area,1968,1968,kg/ha,18.7497,E
100,'356,India,5081,Soil nutrient budget,7276,Cropland nutrient flow per unit area,1969,1969,kg/ha,18.6428,E
100,'356,India,5081,Soil nutrient budget,7276,Cropland nutrient flow per unit area,1970,1970,kg/ha,19.4435,E
100,'356,India,5081,Soil nutrient budget,7276,Cropland nutrient flow per unit area,1971,1971,kg/ha,21.3844,E
100,'356,India,5081,Soil nutrient budget,7276,Cropland nutrient flow per unit area,1972,1972,kg/ha,21.8775,E
100,'356,India,5081,Soil nutrient budget,7276,Cropland nutrient flow per unit area,1973,1973,kg/ha,21.0037,E
100,'356,India,5081,Soil nutrient budget,7276,Cropland nutrient flow per unit area,1974,1974,kg/ha,21.6095,E
100,'356,India,5081,Soil nutrient budget,7276,Cropland nutrient flow per unit area,1975,1975,kg/ha,26.3467,E
100,'356,India,5081,Soil nutrient budget,7276,Cropland nutrient flow per unit area,1976,1976,kg/ha,25.8083,E
100,'356,India,5081,Soil nutrient budget,7276,Cropland nutrient flow per unit area,1977,1977,kg/ha,27.0474,E
100,'356,India,5081,Soil nutrient budget,7276,Cropland nutrient flow per unit area,1978,1978,kg/ha,29.5811,E
100,'356,India,5081,Soil nutrient budget,7276,Cropland nutrient flow per unit area,1979,1979,kg/ha,31.9956,E
100,'356,India,5081,Soil nutrient budget,7276,Cropland nutrient flow per unit area,1980,1980,kg/ha,31.32,E
100,'356,India,5081,Soil nutrient budget,7276,Cropland nutrient flow per unit area,1981,1981,kg/ha,34.0626,E
100,'356,India,5081,Soil nutrient budget,7276,Cropland nutrient flow per unit area,1982,1982,kg/ha,34.6666,E
100,'356,India,5081,Soil nutrient budget,7276,Cropland nutrient flow per unit area,1983,1983,kg/ha,36.6129,E
100,'356,India,5081,Soil nutrient budget,7276,Cropland nutrient flow per unit area,1984,1984,kg/ha,40.7094,E
100,'356,India,5081,Soil nutrient budget,7276,Cropland nutrient flow per unit area,1985,1985,kg/ha,43.1837,E
100,'356,India,5081,Soil nutrient budget,7276,Cropland nutrient flow per unit area,1986,1986,kg/ha,49.096,E
100,'356,India,5081,Soil nutrient budget,7276,Cropland nutrient flow per unit area,1987,1987,kg/ha,44.6533,E
100,'356,India,5081,Soil nutrient budget,7276,Cropland nutrient flow per unit area,1988,1988,kg/ha,51.1829,E
100,'356,India,5081,Soil nutrient budget,7276,Cropland nutrient flow per unit area,1989,1989,kg/ha,49.4772,E
100,'356,India,5081,Soil nutrient budget,7276,Cropland nutrient flow per unit area,1990,1990,kg/ha,52.4898,E
100,'356,India,5081,Soil nutrient budget,7276,Cropland nutrient flow per unit area,1991,1991,kg/ha,55.5948,E
100,'356,India,5081,Soil nutrient budget,7276,Cropland nutrient flow per unit area,1992,1992,kg/ha,56.5935,E
100,'356,India,5081,Soil nutrient budget,7276,Cropland nutrient flow per unit area,1993,1993,kg/ha,58.6442,E
100,'356,India,5081,Soil nutrient budget,7276,Cropland nutrient flow per unit area,1994,1994,kg/ha,62.5916,E
100,'356,India,5081,Soil nutrient budget,7276,Cropland nutrient flow per unit area,1995,1995,kg/ha,64.8473,E
100,'356,India,5081,Soil nutrient budget,7276,Cropland nutrient flow per unit area,1996,1996,kg/ha,66.8681,E
100,'356,India,5081,Soil nutrient budget,7276,Cropland nutrient flow per unit area,1997,1997,kg/ha,70.4012,E
100,'356,India,5081,Soil nutrient budget,7276,Cropland nutrient flow per unit area,1998,1998,kg/ha,73.6856,E
100,'356,India,5081,Soil nutrient budget,7276,Cropland nutrient flow per unit area,1999,1999,kg/ha,73.7155,E
100,'356,India,5081,Soil nutrient budget,7276,Cropland nutrient flow per unit area,2000,2000,kg/ha,69.6204,E
100,'356,India,5081,Soil nutrient budget,7276,Cropland nutrient flow per unit area,2001,2001,kg/ha,71.0101,E
100,'356,India,5081,Soil nutrient budget,7276,Cropland nutrient flow per unit area,2002,2002,kg/ha,69.6255,E
100,'356,India,5081,Soil nutrient budget,7276,Cropland nutrient flow per unit area,2003,2003,kg/ha,71.1636,E
100,'356,India,5081,Soil nutrient budget,7276,Cropland nutrient flow per unit area,2004,2004,kg/ha,75.2079,E
100,'356,India,5081,Soil nutrient budget,7276,Cropland nutrient flow per unit area,2005,2005,kg/ha,81.4037,E
100,'356,India,5081,Soil nutrient budget,7276,Cropland nutrient flow per unit area,2006,2006,kg/ha,85.6543,E
100,'356,India,5081,Soil nutrient budget,7276,Cropland nutrient flow per unit area,2007,2007,kg/ha,88.4903,E
100,'356,India,5081,Soil nutrient budget,7276,Cropland nutrient flow per unit area,2008,2008,kg/ha,90.3769,E
100,'356,India,5081,Soil nutrient budget,7276,Cropland nutrient flow per unit area,2009,2009,kg/ha,95.6779,E
100,'356,India,5081,Soil nutrient budget,7276,Cropland nutrient flow per unit area,2010,2010,kg/ha,98.6176,E
100,'356,India,5081,Soil nutrient budget,7276,Cropland nutrient flow per unit area,2011,2011,kg/ha,101.2358,E
100,'356,India,5081,Soil nutrient budget,7276,Cropland nutrient flow per unit area,2012,2012,kg/ha,96.4478,E
100,'356,India,5081,Soil nutrient budget,7276,Cropland nutrient flow per unit area,2013,2013,kg/ha,96.9224,E
100,'356,India,5081,Soil nutrient budget,7276,Cropland nutrient flow per unit area,2014,2014,kg/ha,97.2617,E
100,'356,India,5081,Soil nutrient budget,7276,Cropland nutrient flow per unit area,2015,2015,kg/ha,101.1769,E
100,'356,India,5081,Soil nutrient budget,7276,Cropland nutrient flow per unit area,2016,2016,kg/ha,95.9602,E
100,'356,India,5081,Soil nutrient budget,7276,Cropland nutrient flow per unit area,2017,2017,kg/ha,97.1336,E
100,'356,India,5081,Soil nutrient budget,7276,Cropland nutrient flow per unit area,2018,2018,kg/ha,101.7004,E
