Item Code,Item
4007,Ammonia; anhydrous
4003,Ammonium nitrate (AN)
4002,Ammonium sulphate
4004,Calcium ammonium nitrate (CAN) and other mixtures with calcium carbonate
4022,Diammonium phosphate (DAP)
4030,Fertilizers n.e.c.
4023,Monoammonium phosphate (MAP)
4021,NPK fertilizers
4008,Other nitrogenous fertilizers; n.e.c.
4026,Other NK compounds
4024,Other NP compounds
4014,Other phosphatic fertilizers; n.e.c.
4018,Other potassic fertilizers; n.e.c.
4011,Phosphate rock
4027,PK compounds
4016,Potassium chloride (muriate of potash) (MOP)
4025,Potassium nitrate
4017,Potassium sulphate (sulphate of potash) (SOP)
4005,Sodium nitrate
4012,Superphosphates above 35%
4013,Superphosphates; other
4001,Urea
4006,Urea and ammonium nitrate solutions (UAN)
