,0
pct_change,0.097950704
pct_change_lag1,0.076246865
item_Safflower seed,0.05895817
"item_Kenaf, and other textile bast fibres, raw or retted",0.051365558
pct_change_lag2,0.04869487
Year,0.04566119
pct_change_lag3,0.04434145
item_Okra,0.03744083
item_Cantaloupes and other melons,0.0369484
item_Cotton seed,0.035323195
"item_Coffee, green",0.034894425
"item_Pepper (Piper spp.), raw",0.034233764
item_Potatoes,0.0310837
"item_Hen eggs in shell, fresh",0.03089464
item_Other pulses n.e.c.,0.027581776
