Year,Annual_Temperature_Change,Temperature_Change_Volatility,landuse__Agricultural land__Share in Land area,landuse__Agriculture area actually irrigated__Share in Agricultural land,landuse__Agriculture area under organic agric.__Share in Agricultural land,landuse__Arable land__Share in Agricultural land,landuse__Cropland__Area per capita,landuse__Cropland__Share in Agricultural land,landuse__Cropland__Share in Land area,landuse__Forest land__Share in Land area,landuse__Land area equipped for irrigation__Share in Agricultural land,landuse__Land area equipped for irrigation__Share in Cropland,landuse__Land under perm. meadows and pastures__Share in Agricultural land,landuse__Land under perm. meadows and pastures__Share in Land area,landuse__Land under permanent crops__Share in Agricultural land,landuse__Naturally regenerating forest__Share in Forest land,landuse__Planted Forest__Share in Forest land,landcover__Artificial surfaces (including urban and associated areas),landcover__Grassland,landcover__Herbaceous crops,landcover__Inland water bodies,landcover__Mangroves,landcover__Permanent snow and glaciers,landcover__Shrub-covered areas,"landcover__Shrubs and/or herbaceous vegetation, aquatic or regularly flooded",landcover__Sparsely natural vegetated areas,landcover__Terrestrial barren land,landcover__Tree-covered areas,landcover__Woody crops,emissions__AFOLU__Emissions Share (CH4),emissions__AFOLU__Emissions Share (CO2),emissions__AFOLU__Emissions Share (CO2eq) (AR5),emissions__AFOLU__Emissions Share (N2O),emissions__AFOLU__Emissions per capita,emissions__Agrifood systems__Emissions Share (CH4),emissions__Agrifood systems__Emissions Share (CO2),emissions__Agrifood systems__Emissions Share (CO2eq) (AR5),emissions__Agrifood systems__Emissions Share (CO2eq) (AR5) (F-gases),emissions__Agrifood systems__Emissions Share (N2O),emissions__Agrifood systems__Emissions per capita,emissions__All sectors with LULUCF__Emissions Share (CH4),emissions__All sectors with LULUCF__Emissions Share (CO2),emissions__All sectors with LULUCF__Emissions Share (CO2eq) (AR5),emissions__All sectors with LULUCF__Emissions Share (CO2eq) (AR5) (F-gases),emissions__All sectors with LULUCF__Emissions Share (N2O),emissions__All sectors with LULUCF__Emissions per capita,emissions__All sectors without LULUCF__Emissions Share (CH4),emissions__All sectors without LULUCF__Emissions Share (CO2),emissions__All sectors without LULUCF__Emissions Share (CO2eq) (AR5),emissions__All sectors without LULUCF__Emissions Share (CO2eq) (AR5) (F-gases),emissions__All sectors without LULUCF__Emissions Share (N2O),emissions__All sectors without LULUCF__Emissions per capita,emissions__Emissions from crops__Emissions Share (CH4),emissions__Emissions from crops__Emissions Share (CO2eq) (AR5),emissions__Emissions from crops__Emissions Share (N2O),emissions__Emissions from crops__Emissions per capita,emissions__Emissions from livestock__Emissions Share (CH4),emissions__Emissions from livestock__Emissions Share (CO2eq) (AR5),emissions__Emissions from livestock__Emissions Share (N2O),emissions__Emissions from livestock__Emissions per capita,emissions__Emissions on agricultural land__Emissions Share (CH4),emissions__Emissions on agricultural land__Emissions Share (CO2),emissions__Emissions on agricultural land__Emissions Share (CO2eq) (AR5),emissions__Emissions on agricultural land__Emissions Share (N2O),emissions__Emissions on agricultural land__Emissions per area of agricultural land,emissions__Emissions on agricultural land__Emissions per capita,emissions__Emissions on agricultural land__Emissions per value of agricultural production,emissions__Energy__Emissions Share (CH4),emissions__Energy__Emissions Share (CO2),emissions__Energy__Emissions Share (CO2eq) (AR5),emissions__Energy__Emissions Share (N2O),emissions__Energy__Emissions per capita,emissions__Farm gate__Emissions Share (CH4),emissions__Farm gate__Emissions Share (CO2),emissions__Farm gate__Emissions Share (CO2eq) (AR5),emissions__Farm gate__Emissions Share (N2O),emissions__Farm gate__Emissions per area of agricultural land,emissions__Farm gate__Emissions per capita,emissions__Farm gate__Emissions per value of agricultural production,emissions__IPCC Agriculture__Emissions Share (CH4),emissions__IPCC Agriculture__Emissions Share (CO2eq) (AR5),emissions__IPCC Agriculture__Emissions Share (N2O),emissions__IPCC Agriculture__Emissions per area of agricultural land,emissions__IPCC Agriculture__Emissions per capita,emissions__IPCC Agriculture__Emissions per value of agricultural production,emissions__IPPU__Emissions Share (CH4),emissions__IPPU__Emissions Share (CO2),emissions__IPPU__Emissions Share (CO2eq) (AR5),emissions__IPPU__Emissions Share (CO2eq) (AR5) (F-gases),emissions__IPPU__Emissions Share (N2O),emissions__IPPU__Emissions per capita,emissions__LULUCF__Emissions Share (CH4),emissions__LULUCF__Emissions Share (CO2),emissions__LULUCF__Emissions Share (CO2eq) (AR5),emissions__LULUCF__Emissions Share (N2O),emissions__LULUCF__Emissions per capita,emissions__Land-use change__Emissions Share (CH4),emissions__Land-use change__Emissions Share (CO2),emissions__Land-use change__Emissions Share (CO2eq) (AR5),emissions__Land-use change__Emissions Share (N2O),emissions__Land-use change__Emissions per capita,emissions__Other__Emissions Share (CH4),emissions__Other__Emissions Share (CO2),emissions__Other__Emissions Share (CO2eq) (AR5),emissions__Other__Emissions Share (N2O),emissions__Other__Emissions per capita,emissions__Pre- and post-production__Emissions Share (CH4),emissions__Pre- and post-production__Emissions Share (CO2),emissions__Pre- and post-production__Emissions Share (CO2eq) (AR5),emissions__Pre- and post-production__Emissions Share (CO2eq) (AR5) (F-gases),emissions__Pre- and post-production__Emissions Share (N2O),emissions__Pre- and post-production__Emissions per capita,emissions__Waste__Emissions Share (CH4),emissions__Waste__Emissions Share (CO2eq) (AR5),emissions__Waste__Emissions Share (N2O),emissions__Waste__Emissions per capita
1961,0.08079166666666666,0.7154636671823182,58.84,0.0,0.0,89.06,0.3502,92.02,54.15,0.0,14.83,16.12,7.98,4.7,2.96,0.0,0.0,0.0,0.0,0.0,0.0,0.0,0.0,0.0,0.0,0.0,0.0,0.0,0.0,0.0,0.0,0.0,0.0,0.0,0.0,0.0,0.0,0.0,0.0,0.0,0.0,0.0,0.0,0.0,0.0,0.0,0.0,0.0,0.0,0.0,0.0,0.0,0.0,0.0,0.0,0.0,0.0,0.0,0.0,0.0,0.0,0.0,0.0,0.0,0.0,0.0,0.0,0.0,0.0,0.0,0.0,0.0,0.0,0.0,0.0,0.0,0.0,0.0,0.0,0.0,0.0,0.0,0.0,0.0,0.0,0.0,0.0,0.0,0.0,0.0,0.0,0.0,0.0,0.0,0.0,0.0,0.0,0.0,0.0,0.0,0.0,0.0,0.0,0.0,0.0,0.0,0.0,0.0,0.0,0.0,0.0,0.0,0.0,0.0,0.0,0.0
1962,0.10175000000000001,0.565066617850228,59.36,0.0,0.0,88.79,0.3462,92.02,54.62,0.0,14.94,16.24,7.98,4.74,3.23,0.0,0.0,0.0,0.0,0.0,0.0,0.0,0.0,0.0,0.0,0.0,0.0,0.0,0.0,0.0,0.0,0.0,0.0,0.0,0.0,0.0,0.0,0.0,0.0,0.0,0.0,0.0,0.0,0.0,0.0,0.0,0.0,0.0,0.0,0.0,0.0,0.0,0.0,0.0,0.0,0.0,0.0,0.0,0.0,0.0,0.0,0.0,0.0,0.0,0.0,0.0,0.0,0.0,0.0,0.0,0.0,0.0,0.0,0.0,0.0,0.0,0.0,0.0,0.0,0.0,0.0,0.0,0.0,0.0,0.0,0.0,0.0,0.0,0.0,0.0,0.0,0.0,0.0,0.0,0.0,0.0,0.0,0.0,0.0,0.0,0.0,0.0,0.0,0.0,0.0,0.0,0.0,0.0,0.0,0.0,0.0,0.0,0.0,0.0,0.0,0.0
1963,0.3009583333333333,0.4434280961433041,59.25,0.0,0.0,89.39,0.3384,91.99,54.5,0.0,15.21,16.54,8.01,4.74,2.6,0.0,0.0,0.0,0.0,0.0,0.0,0.0,0.0,0.0,0.0,0.0,0.0,0.0,0.0,0.0,0.0,0.0,0.0,0.0,0.0,0.0,0.0,0.0,0.0,0.0,0.0,0.0,0.0,0.0,0.0,0.0,0.0,0.0,0.0,0.0,0.0,0.0,0.0,0.0,0.0,0.0,0.0,0.0,0.0,0.0,0.0,0.0,0.0,0.0,0.0,0.0,0.0,0.0,0.0,0.0,0.0,0.0,0.0,0.0,0.0,0.0,0.0,0.0,0.0,0.0,0.0,0.0,0.0,0.0,0.0,0.0,0.0,0.0,0.0,0.0,0.0,0.0,0.0,0.0,0.0,0.0,0.0,0.0,0.0,0.0,0.0,0.0,0.0,0.0,0.0,0.0,0.0,0.0,0.0,0.0,0.0,0.0,0.0,0.0,0.0,0.0
1964,0.2592083333333333,0.45721709990908627,59.44,0.0,0.0,89.26,0.3316,91.74,54.53,0.0,15.41,16.8,8.26,4.91,2.48,0.0,0.0,0.0,0.0,0.0,0.0,0.0,0.0,0.0,0.0,0.0,0.0,0.0,0.0,0.0,0.0,0.0,0.0,0.0,0.0,0.0,0.0,0.0,0.0,0.0,0.0,0.0,0.0,0.0,0.0,0.0,0.0,0.0,0.0,0.0,0.0,0.0,0.0,0.0,0.0,0.0,0.0,0.0,0.0,0.0,0.0,0.0,0.0,0.0,0.0,0.0,0.0,0.0,0.0,0.0,0.0,0.0,0.0,0.0,0.0,0.0,0.0,0.0,0.0,0.0,0.0,0.0,0.0,0.0,0.0,0.0,0.0,0.0,0.0,0.0,0.0,0.0,0.0,0.0,0.0,0.0,0.0,0.0,0.0,0.0,0.0,0.0,0.0,0.0,0.0,0.0,0.0,0.0,0.0,0.0,0.0,0.0,0.0,0.0,0.0,0.0
1965,0.26316666666666666,0.5428781324262993,59.59,0.0,0.0,89.3,0.3254,91.68,54.63,0.0,15.61,17.03,8.32,4.96,2.38,0.0,0.0,0.0,0.0,0.0,0.0,0.0,0.0,0.0,0.0,0.0,0.0,0.0,0.0,0.0,0.0,0.0,0.0,0.0,0.0,0.0,0.0,0.0,0.0,0.0,0.0,0.0,0.0,0.0,0.0,0.0,0.0,0.0,0.0,0.0,0.0,0.0,0.0,0.0,0.0,0.0,0.0,0.0,0.0,0.0,0.0,0.0,0.0,0.0,0.0,0.0,0.0,0.0,0.0,0.0,0.0,0.0,0.0,0.0,0.0,0.0,0.0,0.0,0.0,0.0,0.0,0.0,0.0,0.0,0.0,0.0,0.0,0.0,0.0,0.0,0.0,0.0,0.0,0.0,0.0,0.0,0.0,0.0,0.0,0.0,0.0,0.0,0.0,0.0,0.0,0.0,0.0,0.0,0.0,0.0,0.0,0.0,0.0,0.0,0.0,0.0
1966,0.4265833333333333,0.36882821695633383,59.71,0.0,0.0,89.33,0.3193,91.66,54.73,0.0,15.82,17.26,8.34,4.98,2.33,0.0,0.0,0.0,0.0,0.0,0.0,0.0,0.0,0.0,0.0,0.0,0.0,0.0,0.0,0.0,0.0,0.0,0.0,0.0,0.0,0.0,0.0,0.0,0.0,0.0,0.0,0.0,0.0,0.0,0.0,0.0,0.0,0.0,0.0,0.0,0.0,0.0,0.0,0.0,0.0,0.0,0.0,0.0,0.0,0.0,0.0,0.0,0.0,0.0,0.0,0.0,0.0,0.0,0.0,0.0,0.0,0.0,0.0,0.0,0.0,0.0,0.0,0.0,0.0,0.0,0.0,0.0,0.0,0.0,0.0,0.0,0.0,0.0,0.0,0.0,0.0,0.0,0.0,0.0,0.0,0.0,0.0,0.0,0.0,0.0,0.0,0.0,0.0,0.0,0.0,0.0,0.0,0.0,0.0,0.0,0.0,0.0,0.0,0.0,0.0,0.0
1967,0.21783333333333332,0.5189908826095927,59.8,0.0,0.0,89.86,0.3147,92.12,55.09,0.0,16.04,17.42,7.88,4.71,2.26,0.0,0.0,0.0,0.0,0.0,0.0,0.0,0.0,0.0,0.0,0.0,0.0,0.0,0.0,0.0,0.0,0.0,0.0,0.0,0.0,0.0,0.0,0.0,0.0,0.0,0.0,0.0,0.0,0.0,0.0,0.0,0.0,0.0,0.0,0.0,0.0,0.0,0.0,0.0,0.0,0.0,0.0,0.0,0.0,0.0,0.0,0.0,0.0,0.0,0.0,0.0,0.0,0.0,0.0,0.0,0.0,0.0,0.0,0.0,0.0,0.0,0.0,0.0,0.0,0.0,0.0,0.0,0.0,0.0,0.0,0.0,0.0,0.0,0.0,0.0,0.0,0.0,0.0,0.0,0.0,0.0,0.0,0.0,0.0,0.0,0.0,0.0,0.0,0.0,0.0,0.0,0.0,0.0,0.0,0.0,0.0,0.0,0.0,0.0,0.0,0.0
1968,0.14479166666666668,0.5687339852817771,59.99,0.0,0.0,89.74,0.3096,92.27,55.35,0.0,16.54,17.93,7.73,4.64,2.52,0.0,0.0,0.0,0.0,0.0,0.0,0.0,0.0,0.0,0.0,0.0,0.0,0.0,0.0,0.0,0.0,0.0,0.0,0.0,0.0,0.0,0.0,0.0,0.0,0.0,0.0,0.0,0.0,0.0,0.0,0.0,0.0,0.0,0.0,0.0,0.0,0.0,0.0,0.0,0.0,0.0,0.0,0.0,0.0,0.0,0.0,0.0,0.0,0.0,0.0,0.0,0.0,0.0,0.0,0.0,0.0,0.0,0.0,0.0,0.0,0.0,0.0,0.0,0.0,0.0,0.0,0.0,0.0,0.0,0.0,0.0,0.0,0.0,0.0,0.0,0.0,0.0,0.0,0.0,0.0,0.0,0.0,0.0,0.0,0.0,0.0,0.0,0.0,0.0,0.0,0.0,0.0,0.0,0.0,0.0,0.0,0.0,0.0,0.0,0.0,0.0
1969,0.4575833333333333,0.3429447815442099,59.8,0.0,0.0,89.98,0.3029,92.51,55.32,0.0,17.15,18.54,7.49,4.48,2.53,0.0,0.0,0.0,0.0,0.0,0.0,0.0,0.0,0.0,0.0,0.0,0.0,0.0,0.0,0.0,0.0,0.0,0.0,0.0,0.0,0.0,0.0,0.0,0.0,0.0,0.0,0.0,0.0,0.0,0.0,0.0,0.0,0.0,0.0,0.0,0.0,0.0,0.0,0.0,0.0,0.0,0.0,0.0,0.0,0.0,0.0,0.0,0.0,0.0,0.0,0.0,0.0,0.0,0.0,0.0,0.0,0.0,0.0,0.0,0.0,0.0,0.0,0.0,0.0,0.0,0.0,0.0,0.0,0.0,0.0,0.0,0.0,0.0,0.0,0.0,0.0,0.0,0.0,0.0,0.0,0.0,0.0,0.0,0.0,0.0,0.0,0.0,0.0,0.0,0.0,0.0,0.0,0.0,0.0,0.0,0.0,0.0,0.0,0.0,0.0,0.0
1970,0.24687499999999998,0.4690744181711562,59.89,0.0,0.0,90.18,0.2973,92.7,55.52,0.0,17.68,19.07,7.3,4.37,2.53,0.0,0.0,0.0,0.0,0.0,0.0,0.0,0.0,0.0,0.0,0.0,0.0,0.0,0.0,0.0,0.0,0.0,0.0,0.0,0.0,0.0,0.0,0.0,0.0,0.0,0.0,0.0,0.0,0.0,0.0,0.0,0.0,0.0,0.0,0.0,0.0,0.0,0.0,0.0,0.0,0.0,0.0,0.0,0.0,0.0,0.0,0.0,0.0,0.0,0.0,0.0,0.0,0.0,0.0,0.0,0.0,0.0,0.0,0.0,0.0,0.0,0.0,0.0,0.0,0.0,0.0,0.0,0.0,0.0,0.0,0.0,0.0,0.0,0.0,0.0,0.0,0.0,0.0,0.0,0.0,0.0,0.0,0.0,0.0,0.0,0.0,0.0,0.0,0.0,0.0,0.0,0.0,0.0,0.0,0.0,0.0,0.0,0.0,0.0,0.0,0.0
1971,0.025000000000000005,0.6378259950801629,59.81,0.0,0.0,89.84,0.2898,92.54,55.35,0.0,18.25,19.73,7.46,4.46,2.7,0.0,0.0,0.0,0.0,0.0,0.0,0.0,0.0,0.0,0.0,0.0,0.0,0.0,0.0,0.0,0.0,0.0,0.0,0.0,0.0,0.0,0.0,0.0,0.0,0.0,0.0,0.0,0.0,0.0,0.0,0.0,0.0,0.0,0.0,0.0,0.0,0.0,0.0,0.0,0.0,0.0,0.0,0.0,0.0,0.0,0.0,0.0,0.0,0.0,0.0,0.0,0.0,0.0,0.0,0.0,0.0,0.0,0.0,0.0,0.0,0.0,0.0,0.0,0.0,0.0,0.0,0.0,0.0,0.0,0.0,0.0,0.0,0.0,0.0,0.0,0.0,0.0,0.0,0.0,0.0,0.0,0.0,0.0,0.0,0.0,0.0,0.0,0.0,0.0,0.0,0.0,0.0,0.0,0.0,0.0,0.0,0.0,0.0,0.0,0.0,0.0
1972,0.3315416666666667,0.5654871681292517,59.85,0.0,0.0,90.02,0.2839,92.72,55.49,0.0,18.79,20.27,7.28,4.36,2.7,0.0,0.0,0.0,0.0,0.0,0.0,0.0,0.0,0.0,0.0,0.0,0.0,0.0,0.0,0.0,0.0,0.0,0.0,0.0,0.0,0.0,0.0,0.0,0.0,0.0,0.0,0.0,0.0,0.0,0.0,0.0,0.0,0.0,0.0,0.0,0.0,0.0,0.0,0.0,0.0,0.0,0.0,0.0,0.0,0.0,0.0,0.0,0.0,0.0,0.0,0.0,0.0,0.0,0.0,0.0,0.0,0.0,0.0,0.0,0.0,0.0,0.0,0.0,0.0,0.0,0.0,0.0,0.0,0.0,0.0,0.0,0.0,0.0,0.0,0.0,0.0,0.0,0.0,0.0,0.0,0.0,0.0,0.0,0.0,0.0,0.0,0.0,0.0,0.0,0.0,0.0,0.0,0.0,0.0,0.0,0.0,0.0,0.0,0.0,0.0,0.0
1973,0.38716666666666666,0.46827209357721544,60.12,0.0,0.0,90.09,0.2792,92.89,55.85,0.0,19.14,20.6,7.11,4.27,2.8,0.0,0.0,0.0,0.0,0.0,0.0,0.0,0.0,0.0,0.0,0.0,0.0,0.0,0.0,0.0,0.0,0.0,0.0,0.0,0.0,0.0,0.0,0.0,0.0,0.0,0.0,0.0,0.0,0.0,0.0,0.0,0.0,0.0,0.0,0.0,0.0,0.0,0.0,0.0,0.0,0.0,0.0,0.0,0.0,0.0,0.0,0.0,0.0,0.0,0.0,0.0,0.0,0.0,0.0,0.0,0.0,0.0,0.0,0.0,0.0,0.0,0.0,0.0,0.0,0.0,0.0,0.0,0.0,0.0,0.0,0.0,0.0,0.0,0.0,0.0,0.0,0.0,0.0,0.0,0.0,0.0,0.0,0.0,0.0,0.0,0.0,0.0,0.0,0.0,0.0,0.0,0.0,0.0,0.0,0.0,0.0,0.0,0.0,0.0,0.0,0.0
1974,0.2962916666666667,0.47295256487642434,60.3,0.0,0.0,90.08,0.2735,92.87,56.0,0.0,19.5,21.0,7.13,4.3,2.79,0.0,0.0,0.0,0.0,0.0,0.0,0.0,0.0,0.0,0.0,0.0,0.0,0.0,0.0,0.0,0.0,0.0,0.0,0.0,0.0,0.0,0.0,0.0,0.0,0.0,0.0,0.0,0.0,0.0,0.0,0.0,0.0,0.0,0.0,0.0,0.0,0.0,0.0,0.0,0.0,0.0,0.0,0.0,0.0,0.0,0.0,0.0,0.0,0.0,0.0,0.0,0.0,0.0,0.0,0.0,0.0,0.0,0.0,0.0,0.0,0.0,0.0,0.0,0.0,0.0,0.0,0.0,0.0,0.0,0.0,0.0,0.0,0.0,0.0,0.0,0.0,0.0,0.0,0.0,0.0,0.0,0.0,0.0,0.0,0.0,0.0,0.0,0.0,0.0,0.0,0.0,0.0,0.0,0.0,0.0,0.0,0.0,0.0,0.0,0.0,0.0
1975,0.1506666666666667,0.5837772555161523,60.44,0.0,0.0,90.06,0.2678,92.85,56.11,0.0,19.88,21.42,7.15,4.32,2.78,0.0,0.0,0.0,0.0,0.0,0.0,0.0,0.0,0.0,0.0,0.0,0.0,0.0,0.0,0.0,0.0,0.0,0.0,0.0,0.0,0.0,0.0,0.0,0.0,0.0,0.0,0.0,0.0,0.0,0.0,0.0,0.0,0.0,0.0,0.0,0.0,0.0,0.0,0.0,0.0,0.0,0.0,0.0,0.0,0.0,0.0,0.0,0.0,0.0,0.0,0.0,0.0,0.0,0.0,0.0,0.0,0.0,0.0,0.0,0.0,0.0,0.0,0.0,0.0,0.0,0.0,0.0,0.0,0.0,0.0,0.0,0.0,0.0,0.0,0.0,0.0,0.0,0.0,0.0,0.0,0.0,0.0,0.0,0.0,0.0,0.0,0.0,0.0,0.0,0.0,0.0,0.0,0.0,0.0,0.0,0.0,0.0,0.0,0.0,0.0,0.0
1976,0.33625,0.5221531717634288,60.42,0.0,0.0,90.21,0.262,92.99,56.19,0.0,20.46,22.0,7.01,4.24,2.78,0.0,0.0,0.0,0.0,0.0,0.0,0.0,0.0,0.0,0.0,0.0,0.0,0.0,0.0,0.0,0.0,0.0,0.0,0.0,0.0,0.0,0.0,0.0,0.0,0.0,0.0,0.0,0.0,0.0,0.0,0.0,0.0,0.0,0.0,0.0,0.0,0.0,0.0,0.0,0.0,0.0,0.0,0.0,0.0,0.0,0.0,0.0,0.0,0.0,0.0,0.0,0.0,0.0,0.0,0.0,0.0,0.0,0.0,0.0,0.0,0.0,0.0,0.0,0.0,0.0,0.0,0.0,0.0,0.0,0.0,0.0,0.0,0.0,0.0,0.0,0.0,0.0,0.0,0.0,0.0,0.0,0.0,0.0,0.0,0.0,0.0,0.0,0.0,0.0,0.0,0.0,0.0,0.0,0.0,0.0,0.0,0.0,0.0,0.0,0.0,0.0
1977,0.35958333333333337,0.5753779035417139,60.4,0.0,0.0,90.24,0.2561,93.02,56.19,0.0,21.03,22.61,6.98,4.22,2.78,0.0,0.0,0.0,0.0,0.0,0.0,0.0,0.0,0.0,0.0,0.0,0.0,0.0,0.0,0.0,0.0,0.0,0.0,0.0,0.0,0.0,0.0,0.0,0.0,0.0,0.0,0.0,0.0,0.0,0.0,0.0,0.0,0.0,0.0,0.0,0.0,0.0,0.0,0.0,0.0,0.0,0.0,0.0,0.0,0.0,0.0,0.0,0.0,0.0,0.0,0.0,0.0,0.0,0.0,0.0,0.0,0.0,0.0,0.0,0.0,0.0,0.0,0.0,0.0,0.0,0.0,0.0,0.0,0.0,0.0,0.0,0.0,0.0,0.0,0.0,0.0,0.0,0.0,0.0,0.0,0.0,0.0,0.0,0.0,0.0,0.0,0.0,0.0,0.0,0.0,0.0,0.0,0.0,0.0,0.0,0.0,0.0,0.0,0.0,0.0,0.0
1978,0.2024166666666667,0.5487875106851995,60.74,0.0,0.0,90.39,0.252,93.16,56.59,0.0,21.48,23.06,6.84,4.15,2.77,0.0,0.0,0.0,0.0,0.0,0.0,0.0,0.0,0.0,0.0,0.0,0.0,0.0,0.0,0.0,0.0,0.0,0.0,0.0,0.0,0.0,0.0,0.0,0.0,0.0,0.0,0.0,0.0,0.0,0.0,0.0,0.0,0.0,0.0,0.0,0.0,0.0,0.0,0.0,0.0,0.0,0.0,0.0,0.0,0.0,0.0,0.0,0.0,0.0,0.0,0.0,0.0,0.0,0.0,0.0,0.0,0.0,0.0,0.0,0.0,0.0,0.0,0.0,0.0,0.0,0.0,0.0,0.0,0.0,0.0,0.0,0.0,0.0,0.0,0.0,0.0,0.0,0.0,0.0,0.0,0.0,0.0,0.0,0.0,0.0,0.0,0.0,0.0,0.0,0.0,0.0,0.0,0.0,0.0,0.0,0.0,0.0,0.0,0.0,0.0,0.0
1979,0.4660416666666667,0.4611969756647574,60.74,0.0,0.0,90.51,0.2466,93.28,56.65,0.0,22.05,23.64,6.72,4.08,2.77,0.0,0.0,0.0,0.0,0.0,0.0,0.0,0.0,0.0,0.0,0.0,0.0,0.0,0.0,0.0,0.0,0.0,0.0,0.0,0.0,0.0,0.0,0.0,0.0,0.0,0.0,0.0,0.0,0.0,0.0,0.0,0.0,0.0,0.0,0.0,0.0,0.0,0.0,0.0,0.0,0.0,0.0,0.0,0.0,0.0,0.0,0.0,0.0,0.0,0.0,0.0,0.0,0.0,0.0,0.0,0.0,0.0,0.0,0.0,0.0,0.0,0.0,0.0,0.0,0.0,0.0,0.0,0.0,0.0,0.0,0.0,0.0,0.0,0.0,0.0,0.0,0.0,0.0,0.0,0.0,0.0,0.0,0.0,0.0,0.0,0.0,0.0,0.0,0.0,0.0,0.0,0.0,0.0,0.0,0.0,0.0,0.0,0.0,0.0,0.0,0.0
1980,0.47983333333333333,0.3713228604148507,60.63,0.0,0.0,90.34,0.2406,93.28,56.56,0.0,22.65,24.28,6.72,4.08,2.94,0.0,0.0,0.0,0.0,0.0,0.0,0.0,0.0,0.0,0.0,0.0,0.0,0.0,0.0,0.0,0.0,0.0,0.0,0.0,0.0,0.0,0.0,0.0,0.0,0.0,0.0,0.0,0.0,0.0,0.0,0.0,0.0,0.0,0.0,0.0,0.0,0.0,0.0,0.0,0.0,0.0,0.0,0.0,0.0,0.0,0.0,0.0,0.0,0.0,0.0,0.0,0.0,0.0,0.0,0.0,0.0,0.0,0.0,0.0,0.0,0.0,0.0,0.0,0.0,0.0,0.0,0.0,0.0,0.0,0.0,0.0,0.0,0.0,0.0,0.0,0.0,0.0,0.0,0.0,0.0,0.0,0.0,0.0,0.0,0.0,0.0,0.0,0.0,0.0,0.0,0.0,0.0,0.0,0.0,0.0,0.0,0.0,0.0,0.0,0.0,0.0
1981,0.3055833333333334,0.3764352148969232,60.68,0.0,0.0,90.31,0.2354,93.35,56.64,0.0,23.06,24.7,6.65,4.03,3.05,0.0,0.0,0.0,0.0,0.0,0.0,0.0,0.0,0.0,0.0,0.0,0.0,0.0,0.0,0.0,0.0,0.0,0.0,0.0,0.0,0.0,0.0,0.0,0.0,0.0,0.0,0.0,0.0,0.0,0.0,0.0,0.0,0.0,0.0,0.0,0.0,0.0,0.0,0.0,0.0,0.0,0.0,0.0,0.0,0.0,0.0,0.0,0.0,0.0,0.0,0.0,0.0,0.0,0.0,0.0,0.0,0.0,0.0,0.0,0.0,0.0,0.0,0.0,0.0,0.0,0.0,0.0,0.0,0.0,0.0,0.0,0.0,0.0,0.0,0.0,0.0,0.0,0.0,0.0,0.0,0.0,0.0,0.0,0.0,0.0,0.0,0.0,0.0,0.0,0.0,0.0,0.0,0.0,0.0,0.0,0.0,0.0,0.0,0.0,0.0,0.0
1982,0.3125833333333334,0.5244054950021079,60.8,0.0,0.0,90.31,0.2305,93.35,56.76,0.0,23.44,25.11,6.65,4.04,3.04,0.0,0.0,0.0,0.0,0.0,0.0,0.0,0.0,0.0,0.0,0.0,0.0,0.0,0.0,0.0,0.0,0.0,0.0,0.0,0.0,0.0,0.0,0.0,0.0,0.0,0.0,0.0,0.0,0.0,0.0,0.0,0.0,0.0,0.0,0.0,0.0,0.0,0.0,0.0,0.0,0.0,0.0,0.0,0.0,0.0,0.0,0.0,0.0,0.0,0.0,0.0,0.0,0.0,0.0,0.0,0.0,0.0,0.0,0.0,0.0,0.0,0.0,0.0,0.0,0.0,0.0,0.0,0.0,0.0,0.0,0.0,0.0,0.0,0.0,0.0,0.0,0.0,0.0,0.0,0.0,0.0,0.0,0.0,0.0,0.0,0.0,0.0,0.0,0.0,0.0,0.0,0.0,0.0,0.0,0.0,0.0,0.0,0.0,0.0,0.0,0.0
1983,0.17870833333333336,0.5472044748709942,60.7,0.0,0.0,90.18,0.2249,93.39,56.68,0.0,23.9,25.6,6.61,4.01,3.21,0.0,0.0,0.0,0.0,0.0,0.0,0.0,0.0,0.0,0.0,0.0,0.0,0.0,0.0,0.0,0.0,0.0,0.0,0.0,0.0,0.0,0.0,0.0,0.0,0.0,0.0,0.0,0.0,0.0,0.0,0.0,0.0,0.0,0.0,0.0,0.0,0.0,0.0,0.0,0.0,0.0,0.0,0.0,0.0,0.0,0.0,0.0,0.0,0.0,0.0,0.0,0.0,0.0,0.0,0.0,0.0,0.0,0.0,0.0,0.0,0.0,0.0,0.0,0.0,0.0,0.0,0.0,0.0,0.0,0.0,0.0,0.0,0.0,0.0,0.0,0.0,0.0,0.0,0.0,0.0,0.0,0.0,0.0,0.0,0.0,0.0,0.0,0.0,0.0,0.0,0.0,0.0,0.0,0.0,0.0,0.0,0.0,0.0,0.0,0.0,0.0
1984,0.25045833333333334,0.5342751269073679,61.03,0.0,0.0,90.17,0.2209,93.37,56.98,0.0,24.2,25.92,6.63,4.05,3.2,0.0,0.0,0.0,0.0,0.0,0.0,0.0,0.0,0.0,0.0,0.0,0.0,0.0,0.0,0.0,0.0,0.0,0.0,0.0,0.0,0.0,0.0,0.0,0.0,0.0,0.0,0.0,0.0,0.0,0.0,0.0,0.0,0.0,0.0,0.0,0.0,0.0,0.0,0.0,0.0,0.0,0.0,0.0,0.0,0.0,0.0,0.0,0.0,0.0,0.0,0.0,0.0,0.0,0.0,0.0,0.0,0.0,0.0,0.0,0.0,0.0,0.0,0.0,0.0,0.0,0.0,0.0,0.0,0.0,0.0,0.0,0.0,0.0,0.0,0.0,0.0,0.0,0.0,0.0,0.0,0.0,0.0,0.0,0.0,0.0,0.0,0.0,0.0,0.0,0.0,0.0,0.0,0.0,0.0,0.0,0.0,0.0,0.0,0.0,0.0,0.0
1985,0.4034583333333333,0.4486518917017248,60.99,0.0,0.0,90.18,0.2159,93.38,56.96,0.0,24.64,26.38,6.62,4.04,3.2,0.0,0.0,0.0,0.0,0.0,0.0,0.0,0.0,0.0,0.0,0.0,0.0,0.0,0.0,0.0,0.0,0.0,0.0,0.0,0.0,0.0,0.0,0.0,0.0,0.0,0.0,0.0,0.0,0.0,0.0,0.0,0.0,0.0,0.0,0.0,0.0,0.0,0.0,0.0,0.0,0.0,0.0,0.0,0.0,0.0,0.0,0.0,0.0,0.0,0.0,0.0,0.0,0.0,0.0,0.0,0.0,0.0,0.0,0.0,0.0,0.0,0.0,0.0,0.0,0.0,0.0,0.0,0.0,0.0,0.0,0.0,0.0,0.0,0.0,0.0,0.0,0.0,0.0,0.0,0.0,0.0,0.0,0.0,0.0,0.0,0.0,0.0,0.0,0.0,0.0,0.0,0.0,0.0,0.0,0.0,0.0,0.0,0.0,0.0,0.0,0.0
1986,0.34320833333333334,0.325486923422187,60.94,0.0,0.0,90.19,0.2112,93.5,56.98,0.0,25.19,26.94,6.5,3.96,3.31,0.0,0.0,0.0,0.0,0.0,0.0,0.0,0.0,0.0,0.0,0.0,0.0,0.0,0.0,0.0,0.0,0.0,0.0,0.0,0.0,0.0,0.0,0.0,0.0,0.0,0.0,0.0,0.0,0.0,0.0,0.0,0.0,0.0,0.0,0.0,0.0,0.0,0.0,0.0,0.0,0.0,0.0,0.0,0.0,0.0,0.0,0.0,0.0,0.0,0.0,0.0,0.0,0.0,0.0,0.0,0.0,0.0,0.0,0.0,0.0,0.0,0.0,0.0,0.0,0.0,0.0,0.0,0.0,0.0,0.0,0.0,0.0,0.0,0.0,0.0,0.0,0.0,0.0,0.0,0.0,0.0,0.0,0.0,0.0,0.0,0.0,0.0,0.0,0.0,0.0,0.0,0.0,0.0,0.0,0.0,0.0,0.0,0.0,0.0,0.0,0.0
1987,0.5877916666666666,0.3899583009108478,61.06,0.0,0.0,89.9,0.207,93.48,57.08,0.0,25.67,27.46,6.52,3.98,3.58,0.0,0.0,0.0,0.0,0.0,0.0,0.0,0.0,0.0,0.0,0.0,0.0,0.0,0.0,0.0,0.0,0.0,0.0,0.0,0.0,0.0,0.0,0.0,0.0,0.0,0.0,0.0,0.0,0.0,0.0,0.0,0.0,0.0,0.0,0.0,0.0,0.0,0.0,0.0,0.0,0.0,0.0,0.0,0.0,0.0,0.0,0.0,0.0,0.0,0.0,0.0,0.0,0.0,0.0,0.0,0.0,0.0,0.0,0.0,0.0,0.0,0.0,0.0,0.0,0.0,0.0,0.0,0.0,0.0,0.0,0.0,0.0,0.0,0.0,0.0,0.0,0.0,0.0,0.0,0.0,0.0,0.0,0.0,0.0,0.0,0.0,0.0,0.0,0.0,0.0,0.0,0.0,0.0,0.0,0.0,0.0,0.0,0.0,0.0,0.0,0.0
1988,0.552125,0.3649173000414822,60.91,0.0,0.0,89.94,0.2022,93.53,56.97,0.0,26.27,28.09,6.47,3.94,3.59,0.0,0.0,0.0,0.0,0.0,0.0,0.0,0.0,0.0,0.0,0.0,0.0,0.0,0.0,0.0,0.0,0.0,0.0,0.0,0.0,0.0,0.0,0.0,0.0,0.0,0.0,0.0,0.0,0.0,0.0,0.0,0.0,0.0,0.0,0.0,0.0,0.0,0.0,0.0,0.0,0.0,0.0,0.0,0.0,0.0,0.0,0.0,0.0,0.0,0.0,0.0,0.0,0.0,0.0,0.0,0.0,0.0,0.0,0.0,0.0,0.0,0.0,0.0,0.0,0.0,0.0,0.0,0.0,0.0,0.0,0.0,0.0,0.0,0.0,0.0,0.0,0.0,0.0,0.0,0.0,0.0,0.0,0.0,0.0,0.0,0.0,0.0,0.0,0.0,0.0,0.0,0.0,0.0,0.0,0.0,0.0,0.0,0.0,0.0,0.0,0.0
1989,0.25854166666666667,0.42871699179991807,61.05,0.0,0.0,90.07,0.1987,93.65,57.17,0.0,26.74,28.55,6.35,3.88,3.58,0.0,0.0,0.0,0.0,0.0,0.0,0.0,0.0,0.0,0.0,0.0,0.0,0.0,0.0,0.0,0.0,0.0,0.0,0.0,0.0,0.0,0.0,0.0,0.0,0.0,0.0,0.0,0.0,0.0,0.0,0.0,0.0,0.0,0.0,0.0,0.0,0.0,0.0,0.0,0.0,0.0,0.0,0.0,0.0,0.0,0.0,0.0,0.0,0.0,0.0,0.0,0.0,0.0,0.0,0.0,0.0,0.0,0.0,0.0,0.0,0.0,0.0,0.0,0.0,0.0,0.0,0.0,0.0,0.0,0.0,0.0,0.0,0.0,0.0,0.0,0.0,0.0,0.0,0.0,0.0,0.0,0.0,0.0,0.0,0.0,0.0,0.0,0.0,0.0,0.0,0.0,0.0,0.0,0.0,0.0,0.0,0.0,0.0,0.0,0.0,0.0
1990,0.288625,0.5733061866887992,61.02,0.0,0.0,90.1,0.1948,93.77,57.21,21.5,27.29,29.1,6.23,3.8,3.67,91.06,8.94,0.0,0.0,0.0,0.0,0.0,0.0,0.0,0.0,0.0,0.0,0.0,0.0,76.01,-51.41,31.36,82.06,0.45,94.45,16.41,65.72,92.26,83.94,0.93,100.0,100.0,100.0,100.0,100.0,1.42,99.61,151.41,117.73,100.0,98.62,1.67,20.11,15.22,39.74,0.22,55.48,33.82,40.69,0.48,75.99,10.83,53.14,81.11,3.6,0.76,3.55,13.29,137.96,56.34,7.03,0.8,75.88,10.83,53.04,80.74,3.59,0.75,3.54,75.62,49.08,80.68,3.33,0.7,3.28,0.01,10.17,4.36,100.0,0.75,0.06,0.39,-51.41,-17.73,1.38,-0.25,0.11,0.0,0.1,0.38,0.0,0.2,3.28,1.77,4.35,0.03,18.46,5.58,12.58,92.26,2.82,0.18,10.5,6.18,5.81,0.09
1991,0.37366666666666665,0.3477784985561514,61.07,0.0,0.0,89.86,0.1909,93.72,57.24,21.63,27.37,29.2,6.28,3.84,3.85,90.54,9.46,0.0,0.0,0.0,0.0,0.0,0.0,0.0,0.0,0.0,0.0,0.0,0.0,75.76,-46.65,30.55,81.82,0.44,94.49,16.98,64.48,91.55,83.85,0.94,100.0,100.0,100.0,100.0,100.0,1.45,99.61,146.65,116.95,100.0,98.66,1.7,19.87,14.75,40.29,0.21,55.48,32.71,39.95,0.48,75.79,11.44,52.01,80.91,3.68,0.76,3.55,13.48,133.77,57.26,7.1,0.83,75.68,11.44,51.91,80.54,3.68,0.76,3.54,75.38,47.5,80.48,3.36,0.69,3.24,0.01,9.9,4.46,100.0,0.88,0.06,0.39,-46.65,-16.95,1.34,-0.25,0.11,0.0,0.1,0.37,0.0,0.19,2.98,1.71,4.36,0.02,18.7,5.54,12.48,91.55,2.94,0.18,10.55,6.02,5.84,0.09
1992,0.32508333333333334,0.384124404289827,60.98,0.0,0.0,89.74,0.187,93.77,57.18,21.75,27.52,29.35,6.23,3.8,4.03,90.03,9.97,607.58,24954.78,182708.6,5413.75,379.1,739.64,22641.21,1861.46,523.12,1217.06,48580.13,8197.44,75.61,-42.96,29.89,81.79,0.44,94.62,17.11,63.36,98.09,83.87,0.94,100.0,100.0,100.0,100.0,100.0,1.48,99.62,142.96,116.32,100.0,98.7,1.72,19.31,14.19,40.8,0.21,55.89,31.98,39.46,0.47,75.66,11.67,50.99,80.91,3.76,0.75,3.48,13.12,130.74,57.94,7.11,0.86,75.56,11.67,50.9,80.56,3.75,0.75,3.47,75.23,46.21,80.49,3.4,0.68,3.15,0.01,9.48,4.41,100.0,0.92,0.07,0.38,-42.96,-16.32,1.3,-0.24,0.11,0.0,0.09,0.36,0.0,0.19,2.74,1.66,4.36,0.02,18.96,5.44,12.36,98.09,2.96,0.18,11.07,6.1,5.82,0.09
1993,0.40762499999999996,0.34872672900387075,61.01,0.0,0.0,89.64,0.1836,93.88,57.27,21.87,27.62,29.42,6.12,3.73,4.25,89.53,10.47,621.87,24953.96,182260.3,5413.47,378.99,739.64,22640.51,1861.46,523.03,1216.97,48581.92,8631.77,76.28,-40.94,29.76,81.64,0.44,95.66,18.14,63.19,60.83,83.66,0.93,100.0,100.0,100.0,100.0,100.0,1.48,99.62,140.94,115.98,100.0,98.73,1.72,19.68,14.24,41.33,0.21,56.19,31.46,38.81,0.47,76.37,12.63,51.05,80.79,3.84,0.76,3.48,12.7,129.0,58.31,7.21,0.86,76.26,12.63,50.95,80.44,3.83,0.75,3.47,75.89,45.74,80.37,3.44,0.68,3.11,0.01,9.33,4.43,100.0,1.11,0.07,0.38,-40.94,-15.98,1.27,-0.24,0.11,0.0,0.09,0.35,0.0,0.19,2.61,1.63,4.26,0.02,19.3,5.51,12.14,60.83,2.87,0.18,10.82,5.86,5.78,0.09
1994,0.345375,0.4634562793037624,60.98,0.0,0.0,89.65,0.1801,93.95,57.29,22.0,28.45,30.28,6.05,3.69,4.3,89.03,10.97,635.64,24952.78,182137.85,5413.11,378.95,739.64,22639.76,1861.45,522.97,1216.83,48583.66,8741.27,76.13,-37.79,29.14,81.7,0.44,95.72,17.99,61.97,70.43,83.72,0.93,100.0,100.0,100.0,100.0,100.0,1.51,99.62,137.79,115.35,100.0,98.77,1.74,19.65,14.03,42.43,0.21,56.07,30.43,37.82,0.46,76.26,12.55,49.98,80.89,3.91,0.75,3.42,12.77,126.38,59.17,7.26,0.89,76.15,12.55,49.89,80.55,3.91,0.75,3.42,75.75,44.49,80.47,3.48,0.67,3.05,0.01,9.0,4.37,100.0,1.02,0.07,0.38,-37.79,-15.35,1.23,-0.23,0.11,0.0,0.09,0.33,0.0,0.19,2.41,1.59,4.32,0.02,19.46,5.44,11.99,70.43,2.84,0.18,10.9,5.73,5.69,0.09
1995,0.448,0.4370425310116208,60.86,0.0,0.0,89.48,0.1763,93.9,57.15,22.12,29.32,31.22,6.1,3.71,4.42,88.53,11.47,648.33,24874.37,182223.31,5410.07,375.49,739.64,22563.89,1866.04,523.21,1215.25,48380.67,9003.63,75.49,-34.8,28.23,81.42,0.44,95.29,18.4,60.73,84.23,83.53,0.94,100.0,100.0,100.0,100.0,100.0,1.54,99.62,134.8,114.71,100.0,98.8,1.77,19.41,13.57,42.65,0.21,55.68,29.33,37.36,0.45,75.65,13.08,48.88,80.64,4.0,0.75,3.4,13.24,123.59,60.16,7.57,0.93,75.55,13.08,48.79,80.31,3.99,0.75,3.4,75.11,42.94,80.22,3.52,0.66,2.99,0.02,9.0,4.44,100.0,0.91,0.07,0.38,-34.8,-14.71,1.2,-0.23,0.11,0.0,0.09,0.33,0.0,0.19,2.22,1.54,4.4,0.02,19.64,5.31,11.85,84.23,2.89,0.18,11.06,5.63,5.69,0.09
1996,0.4350833333333333,0.35307148145169237,60.74,0.0,0.0,89.17,0.1726,93.87,57.02,22.24,30.2,32.17,6.13,3.72,4.71,88.04,11.96,661.61,24868.55,181757.06,5413.92,378.96,739.64,22369.26,1872.02,523.24,1216.24,48429.0,9594.38,75.28,-31.48,27.16,81.15,0.43,95.36,17.35,58.35,5.52,84.04,0.93,100.0,100.0,100.0,100.0,100.0,1.59,99.79,131.48,114.17,100.0,99.77,1.81,19.52,13.23,43.73,0.21,55.53,28.07,37.01,0.45,75.6,11.93,47.0,81.13,4.05,0.75,3.31,13.38,120.85,61.48,7.76,0.98,75.49,11.93,46.93,81.0,4.05,0.75,3.31,75.07,41.33,80.92,3.56,0.66,2.91,0.01,8.62,4.42,100.0,0.82,0.07,0.21,-31.48,-14.17,0.23,-0.23,0.11,0.0,0.06,0.13,0.0,0.19,2.01,1.49,4.56,0.02,19.76,5.43,11.35,5.52,2.91,0.18,11.14,5.44,5.71,0.09
1997,0.2669166666666667,0.5167151192802022,60.87,0.0,0.0,89.29,0.1699,93.99,57.21,22.36,30.95,32.92,6.01,3.66,4.7,87.56,12.44,674.29,24888.13,181951.17,5417.93,380.43,739.64,22208.91,1874.12,523.16,1216.62,48379.09,9570.39,74.62,-30.0,26.66,81.33,0.43,94.75,17.58,57.54,7.28,84.23,0.92,100.0,100.0,100.0,100.0,100.0,1.61,99.82,130.0,113.77,100.0,99.81,1.83,19.36,13.09,44.72,0.21,55.08,27.32,36.26,0.44,74.98,11.91,46.19,81.32,4.09,0.74,3.28,13.86,119.09,61.78,7.72,0.99,74.9,11.91,46.14,81.23,4.09,0.74,3.28,74.45,40.43,81.14,3.58,0.65,2.87,0.01,9.0,4.69,100.0,0.81,0.08,0.18,-30.0,-13.77,0.19,-0.22,0.08,0.0,0.04,0.09,0.0,0.19,1.92,1.45,4.49,0.02,19.77,5.66,11.36,7.28,2.91,0.18,11.31,5.42,5.65,0.09
1998,0.606375,0.33097009092508123,60.83,0.0,0.0,89.24,0.1668,94.0,57.19,22.49,31.78,33.81,6.0,3.65,4.77,87.08,12.92,686.92,24905.44,181930.25,5418.41,382.64,739.64,22149.59,1886.77,523.48,1217.6,48267.21,9715.93,74.88,-29.11,26.6,81.26,0.43,95.13,17.77,57.35,9.98,84.14,0.92,100.0,100.0,100.0,100.0,100.0,1.61,99.82,129.11,113.51,100.0,99.81,1.82,19.84,13.24,45.26,0.21,54.84,26.84,35.63,0.43,75.26,12.05,46.0,81.24,4.16,0.74,3.27,13.26,117.5,61.32,7.84,0.98,75.18,12.05,45.95,81.16,4.15,0.74,3.26,74.7,40.11,81.06,3.63,0.64,2.85,0.02,9.75,5.16,100.0,0.83,0.08,0.18,-29.11,-13.51,0.19,-0.22,0.08,0.0,0.04,0.09,0.0,0.18,1.86,1.42,4.33,0.02,19.87,5.72,11.35,9.98,2.89,0.18,11.66,5.51,5.74,0.09
1999,0.5341666666666667,0.4253683484746579,60.88,0.0,0.0,88.93,0.1639,93.98,57.22,22.61,32.57,34.65,6.02,3.66,5.05,86.61,13.39,699.53,24988.01,181558.13,5418.45,383.79,739.64,21870.89,1890.0,524.89,1219.07,48211.53,10319.97,74.65,-26.95,25.79,80.9,0.42,94.79,16.3,55.21,12.81,83.61,0.91,100.0,100.0,100.0,100.0,100.0,1.64,99.64,126.95,112.85,100.0,99.6,1.86,19.83,12.86,45.31,0.21,54.43,25.75,35.01,0.42,74.86,10.52,43.98,80.72,4.15,0.72,3.12,13.39,115.93,62.34,8.04,1.02,74.73,10.52,43.91,80.59,4.14,0.72,3.11,74.28,38.64,80.5,3.64,0.64,2.74,0.01,9.3,5.1,100.0,0.77,0.08,0.36,-26.95,-12.85,0.4,-0.21,0.13,0.0,0.07,0.14,0.0,0.18,1.72,1.39,4.56,0.02,19.94,5.78,11.23,12.81,2.89,0.18,11.77,5.37,5.73,0.09
2000,0.4864583333333334,0.4716059500276149,60.87,0.0,0.0,88.92,0.161,94.01,57.22,22.73,33.39,35.52,5.99,3.65,5.08,86.14,13.86,713.75,25000.19,181491.77,5425.52,385.7,739.64,21660.99,1892.59,526.48,1223.7,48388.1,10375.47,74.31,-26.01,25.01,80.29,0.41,94.77,15.91,54.21,14.35,83.2,0.89,100.0,100.0,100.0,100.0,100.0,1.64,99.79,126.01,112.72,100.0,99.77,1.85,19.65,12.36,44.12,0.2,54.44,25.34,35.77,0.42,74.61,9.99,42.87,80.24,4.11,0.7,3.13,13.6,115.24,63.12,8.39,1.03,74.52,9.99,42.83,80.14,4.1,0.7,3.12,74.1,37.73,80.06,3.62,0.62,2.75,0.02,9.1,5.17,100.0,0.86,0.08,0.21,-26.01,-12.72,0.23,-0.21,0.09,0.0,0.04,0.09,0.0,0.18,1.66,1.37,4.68,0.02,20.17,5.92,11.33,14.35,2.97,0.19,11.89,5.33,5.78,0.09
2001,0.5530833333333333,0.45415367219809466,60.7,32.21,0.0,88.83,0.158,94.09,57.12,22.8,34.3,36.45,5.91,3.59,5.26,85.68,14.32,830.89,24988.24,181134.43,5421.73,395.16,739.64,21670.34,1892.74,525.31,1223.75,48268.6,10733.06,74.09,0.33,33.7,80.65,0.62,94.69,12.53,48.04,20.91,83.55,0.88,100.0,100.0,100.0,100.0,100.0,1.83,99.93,99.67,99.77,100.0,99.76,1.82,19.62,11.03,44.74,0.2,54.38,22.42,35.5,0.41,74.45,7.67,37.86,80.6,4.13,0.69,3.05,13.64,91.08,55.7,8.2,1.02,74.41,7.67,37.84,80.49,4.13,0.69,3.04,74.02,33.47,80.41,3.65,0.61,2.69,0.01,7.28,4.62,100.0,0.82,0.08,0.07,0.33,0.23,0.24,0.0,0.03,0.0,0.02,0.1,0.0,0.18,1.31,1.2,4.52,0.02,20.24,4.86,10.18,20.91,2.96,0.19,12.07,4.78,5.79,0.09
2002,0.737,0.3564483010260363,60.73,31.53,0.0,88.85,0.1555,94.17,57.19,22.86,34.67,36.81,5.83,3.54,5.32,85.21,14.79,933.36,24967.58,180970.34,5417.19,398.34,739.64,21639.58,1892.7,524.45,1225.06,48286.66,10828.98,73.37,0.33,32.83,79.91,0.59,94.38,13.44,47.86,25.66,82.94,0.86,100.0,100.0,100.0,100.0,100.0,1.8,99.95,99.67,99.79,100.0,99.83,1.79,18.2,10.12,42.62,0.18,55.11,22.47,36.97,0.4,73.74,7.7,37.06,79.86,4.05,0.67,3.22,13.95,90.99,56.34,8.63,1.01,73.73,7.7,37.05,79.83,4.05,0.67,3.22,73.32,32.61,79.74,3.56,0.59,2.83,0.02,7.4,4.77,100.0,0.84,0.09,0.05,0.33,0.21,0.17,0.0,0.01,0.0,0.01,0.03,0.0,0.18,1.29,1.19,4.56,0.02,20.64,5.74,10.8,25.66,3.07,0.19,12.48,4.88,6.05,0.09
2003,0.6032083333333333,0.2580503791673358,60.62,30.73,0.0,88.65,0.1528,94.2,57.11,22.93,35.11,37.27,5.8,3.51,5.55,84.76,15.24,1031.39,24946.62,180418.39,5413.32,401.22,739.64,21562.85,1893.14,524.6,1230.11,48372.27,11290.33,73.06,0.31,32.31,80.44,0.59,93.77,13.54,47.23,27.62,82.95,0.87,100.0,100.0,100.0,100.0,100.0,1.83,99.75,99.69,99.67,100.0,99.17,1.83,18.47,10.2,43.64,0.19,54.32,21.75,35.79,0.4,73.32,7.75,36.54,79.96,4.15,0.67,2.98,14.21,91.13,56.89,8.36,1.04,73.24,7.75,36.49,79.7,4.15,0.67,2.97,72.82,31.98,79.61,3.63,0.59,2.61,0.02,7.33,4.84,100.0,0.85,0.09,0.25,0.31,0.33,0.83,0.01,0.08,0.0,0.05,0.26,0.0,0.18,1.23,1.16,4.51,0.02,20.46,5.79,10.69,27.62,2.99,0.2,12.53,4.8,5.83,0.09
2004,0.60525,0.44195231397299756,60.67,31.63,0.0,88.53,0.1504,94.19,57.14,22.99,35.46,37.65,5.81,3.53,5.66,84.3,15.7,1132.14,24932.15,180091.94,5420.15,404.13,739.64,21430.69,1893.95,523.97,1232.09,48507.95,11515.08,72.77,0.29,31.56,80.34,0.59,93.14,13.51,46.29,32.55,82.47,0.87,100.0,100.0,100.0,100.0,100.0,1.88,99.6,99.71,99.59,100.0,98.72,1.87,17.9,9.85,43.69,0.18,54.43,21.26,35.14,0.4,72.91,7.74,35.79,79.52,4.23,0.67,3.07,14.39,91.07,57.59,8.5,1.08,72.8,7.74,35.72,79.15,4.22,0.67,3.06,72.37,31.15,79.06,3.68,0.58,2.67,0.02,7.47,4.99,100.0,0.86,0.09,0.4,0.29,0.41,1.28,0.01,0.11,0.0,0.07,0.37,0.0,0.18,1.17,1.14,4.63,0.02,20.23,5.76,10.5,32.55,2.94,0.2,12.65,4.72,5.67,0.09
2005,0.5589583333333333,0.30844553872980374,60.58,32.87,0.1,88.52,0.1478,94.2,57.07,23.05,35.89,38.1,5.8,3.52,5.68,83.84,16.16,1208.77,24919.8,180027.87,5428.13,406.3,739.64,21379.52,1895.01,523.96,1234.34,48509.89,11550.67,72.77,0.28,31.13,80.63,0.6,93.01,12.02,44.99,48.19,83.02,0.86,100.0,100.0,100.0,100.0,100.0,1.92,99.77,99.72,99.7,100.0,99.26,1.92,18.24,9.98,45.15,0.19,54.27,20.83,34.57,0.4,73.02,6.74,34.92,80.18,4.3,0.67,2.95,14.43,91.03,58.2,8.49,1.12,72.95,6.74,34.87,79.96,4.3,0.67,2.95,72.53,30.83,79.88,3.8,0.59,2.6,0.02,7.59,4.95,100.0,0.82,0.1,0.23,0.28,0.3,0.74,0.01,0.07,0.0,0.04,0.22,0.0,0.17,1.1,1.1,4.49,0.02,19.99,5.28,10.07,48.19,2.84,0.19,12.61,4.62,5.58,0.09
2006,0.6845416666666667,0.5184713298992879,60.51,33.82,0.24,88.19,0.1454,94.19,57.0,23.12,36.25,38.48,5.81,3.51,6.0,83.39,16.61,1281.68,24920.6,179297.82,5441.72,409.44,739.64,21354.81,1896.01,524.02,1234.66,48518.84,12204.66,72.62,0.26,30.45,80.42,0.6,92.78,14.11,45.61,56.09,84.19,0.9,100.0,100.0,100.0,100.0,100.0,1.98,99.74,99.74,99.69,100.0,99.21,1.97,18.02,9.83,45.88,0.19,54.33,20.29,33.6,0.4,72.95,8.71,35.6,81.35,4.59,0.7,2.97,14.47,91.06,58.9,8.85,1.16,72.83,8.71,35.52,80.96,4.58,0.7,2.97,72.37,30.14,79.64,3.88,0.6,2.52,0.02,7.64,5.05,100.0,0.77,0.1,0.26,0.26,0.31,0.79,0.01,0.13,0.0,0.07,0.39,0.0,0.17,1.04,1.07,4.47,0.02,19.83,5.4,10.01,56.09,2.84,0.2,12.72,4.54,5.49,0.09
2007,0.6055,0.24495873654290357,60.41,34.93,0.57,87.98,0.143,94.2,56.91,23.18,36.62,38.87,5.8,3.5,6.22,82.94,17.06,1357.86,24932.76,178768.1,5428.82,412.12,739.64,21310.61,1898.73,523.9,1237.8,48565.77,12647.78,72.48,0.24,29.68,79.83,0.61,92.24,11.89,43.23,58.51,81.87,0.89,100.0,100.0,100.0,100.0,100.0,2.05,99.6,99.76,99.62,100.0,98.8,2.04,17.66,9.54,45.65,0.2,54.39,19.74,32.81,0.41,72.64,7.17,33.79,79.08,4.6,0.69,2.74,14.65,91.3,59.8,9.39,1.23,72.54,7.17,33.74,78.79,4.59,0.69,2.74,72.08,29.31,78.63,3.99,0.6,2.38,0.02,7.48,5.06,100.0,0.66,0.1,0.4,0.24,0.38,1.2,0.01,0.1,0.0,0.06,0.29,0.0,0.17,0.97,1.05,4.67,0.02,19.6,4.72,9.43,58.51,2.78,0.19,12.68,4.41,5.44,0.09
2008,0.500375,0.5440651984986645,60.46,34.65,0.57,87.89,0.1411,94.24,56.97,23.25,36.9,39.16,5.76,3.49,6.34,82.5,17.5,1420.57,24948.92,178469.81,5419.66,414.78,739.64,21293.22,1910.68,525.14,1240.54,48563.6,12877.34,71.77,0.22,28.21,79.33,0.6,91.52,11.66,41.67,61.97,81.86,0.89,100.0,100.0,100.0,100.0,100.0,2.14,99.77,99.78,99.74,100.0,99.31,2.14,18.0,9.3,46.18,0.2,53.51,18.63,32.3,0.4,72.12,7.34,32.64,79.06,4.7,0.7,2.77,15.43,91.55,61.39,9.75,1.32,72.04,7.34,32.6,78.8,4.7,0.7,2.76,71.54,27.95,78.64,4.03,0.6,2.37,0.02,7.32,5.17,100.0,0.65,0.11,0.23,0.22,0.26,0.69,0.01,0.09,0.0,0.05,0.25,0.0,0.16,0.9,1.01,4.78,0.02,19.4,4.32,9.03,61.97,2.8,0.19,12.62,4.21,5.49,0.09
2009,0.8610416666666666,0.43323028108533157,60.56,35.34,0.66,87.7,0.1394,94.26,57.08,23.31,37.6,39.89,5.74,3.48,6.55,82.05,17.95,1481.14,24962.36,177995.6,5416.32,416.28,739.64,21277.25,1912.26,525.89,1242.85,48554.57,13299.74,70.8,0.2,26.34,78.7,0.6,90.22,11.69,39.56,64.42,80.03,0.9,100.0,100.0,100.0,100.0,100.0,2.26,99.26,99.8,99.49,100.0,97.87,2.25,16.55,8.39,45.4,0.19,53.46,17.41,30.95,0.39,70.78,7.12,30.59,77.32,4.71,0.69,2.83,16.27,91.85,63.41,10.25,1.44,70.58,7.12,30.49,76.74,4.7,0.69,2.82,70.06,25.83,76.57,3.98,0.58,2.39,0.02,7.13,5.28,100.0,0.69,0.12,0.74,0.2,0.51,2.13,0.01,0.2,0.0,0.1,0.58,0.0,0.16,0.81,0.98,5.0,0.02,19.44,4.57,8.97,64.42,2.7,0.2,12.74,3.98,5.37,0.09
2010,0.8382083333333333,0.5689696239440332,60.4,34.49,0.43,87.43,0.1371,94.24,56.92,23.37,37.7,40.0,5.76,3.48,6.81,81.61,18.39,1540.11,24982.43,177419.51,5415.35,417.1,739.64,21267.24,1912.13,525.61,1246.45,48544.13,13814.2,70.58,0.2,26.31,78.61,0.59,90.27,12.34,40.1,65.42,80.5,0.91,100.0,100.0,100.0,100.0,100.0,2.26,99.39,99.8,99.56,100.0,98.3,2.25,16.8,8.61,46.64,0.19,53.14,17.23,30.1,0.39,70.78,7.47,30.87,77.75,4.83,0.7,2.61,16.3,91.54,63.14,10.93,1.43,70.55,7.47,30.75,77.09,4.81,0.69,2.6,69.97,25.87,76.91,4.04,0.58,2.19,0.03,7.46,5.55,100.0,0.17,0.13,0.61,0.2,0.44,1.7,0.01,0.24,0.0,0.12,0.66,0.0,0.16,0.8,0.98,4.99,0.02,19.49,4.87,9.23,65.42,2.75,0.21,12.94,4.02,5.31,0.09
2011,0.5203333333333333,0.3836625177629838,60.43,35.4,0.6,87.37,0.1355,94.27,56.97,23.46,37.74,40.03,5.73,3.46,6.9,81.61,18.39,1603.7,24967.16,177145.81,5477.92,417.09,739.64,21252.85,1910.26,527.05,1248.59,48552.08,13981.72,69.97,-3.67,23.56,77.96,0.53,89.78,12.11,39.75,66.42,80.26,0.9,100.0,100.0,100.0,100.0,100.0,2.27,99.7,103.67,102.16,100.0,99.18,2.32,17.06,8.78,47.76,0.2,52.59,16.92,29.24,0.38,70.32,7.08,30.4,77.52,4.84,0.69,2.45,16.36,95.29,65.59,11.73,1.49,70.25,7.08,30.36,77.33,4.84,0.69,2.45,69.67,25.72,77.14,4.1,0.58,2.08,0.47,7.59,5.87,100.0,0.16,0.13,0.3,-3.67,-2.16,0.82,-0.05,0.07,0.0,0.04,0.19,0.0,0.16,0.79,0.96,4.86,0.02,19.46,5.02,9.36,66.42,2.74,0.21,13.04,4.03,5.29,0.09
2012,0.5669583333333333,0.2992119329122778,60.42,36.33,0.28,87.14,0.1338,94.27,56.96,23.55,38.74,41.09,5.73,3.46,7.13,81.61,18.39,1699.49,24977.08,176568.15,5500.48,416.92,739.64,21248.52,1911.64,528.64,1251.53,48544.7,14437.11,69.42,-3.34,22.04,76.35,0.53,88.95,11.71,37.63,66.24,77.75,0.9,100.0,100.0,100.0,100.0,100.0,2.39,99.3,103.34,101.83,100.0,98.1,2.43,16.46,8.01,45.64,0.19,52.22,15.84,28.62,0.38,69.48,6.99,28.66,75.06,4.88,0.69,2.42,16.71,95.17,67.21,13.06,1.61,69.32,6.99,28.58,74.63,4.86,0.68,2.41,68.72,23.87,74.45,4.06,0.57,2.02,0.52,7.45,5.98,100.0,0.14,0.14,0.7,-3.34,-1.83,1.9,-0.04,0.16,0.0,0.08,0.44,0.0,0.16,0.72,0.93,5.12,0.02,19.47,4.72,8.97,66.24,2.69,0.21,13.19,3.85,5.34,0.09
2013,0.5035,0.3103565971448075,60.44,36.79,0.28,87.06,0.1323,94.29,56.99,23.64,38.81,41.16,5.71,3.45,7.23,81.61,18.39,1829.31,24991.59,176202.48,5512.62,416.72,739.64,21244.23,1911.72,529.01,1253.47,48551.05,14642.05,72.01,-3.29,22.02,75.71,0.52,92.64,16.02,40.88,66.62,79.11,0.97,100.0,100.0,100.0,100.0,100.0,2.37,99.57,103.29,101.96,100.0,98.87,2.41,17.53,8.11,45.53,0.19,54.03,15.85,28.92,0.38,72.42,9.05,30.28,76.22,5.17,0.72,2.45,13.4,94.74,66.74,13.57,1.58,72.29,9.05,30.22,75.89,5.16,0.72,2.44,71.58,23.98,74.58,4.09,0.57,1.94,0.56,7.84,6.4,100.0,0.12,0.15,0.43,-3.29,-1.96,1.13,-0.05,0.13,0.0,0.06,0.33,0.0,0.16,0.7,0.93,5.13,0.02,20.22,6.97,10.6,66.62,2.89,0.25,13.87,3.91,5.46,0.09
2014,0.55525,0.42353833048651496,60.45,37.9,0.4,87.06,0.1308,94.29,57.0,23.73,38.9,41.25,5.71,3.45,7.23,81.61,18.39,1945.99,24966.9,176048.32,5611.02,416.7,739.64,21248.61,1907.73,528.61,1252.33,48530.77,14627.28,71.35,-2.98,20.57,74.98,0.52,92.01,15.27,38.82,67.54,78.77,0.97,100.0,100.0,100.0,100.0,100.0,2.51,99.65,102.98,101.86,100.0,99.09,2.55,17.36,7.6,45.3,0.19,53.62,14.82,28.64,0.37,71.87,8.57,28.55,75.71,5.23,0.72,2.41,13.85,94.88,68.5,14.09,1.72,71.75,8.57,28.5,75.38,5.22,0.71,2.41,71.01,22.43,74.07,4.1,0.56,1.9,0.6,7.46,6.33,100.0,0.13,0.16,0.35,-2.98,-1.86,0.91,-0.05,0.13,0.0,0.06,0.33,0.0,0.16,0.64,0.88,5.3,0.02,20.14,6.71,10.27,67.54,3.06,0.26,14.03,3.72,5.5,0.09
2015,0.7212083333333333,0.526681817911764,60.43,38.06,0.66,87.05,0.1293,94.29,56.98,23.82,39.0,41.36,5.71,3.45,7.24,81.61,18.39,2016.93,24968.81,175969.9,5610.12,416.66,739.64,21246.2,1907.6,528.12,1252.31,48542.14,14625.44,70.89,-2.84,19.92,74.97,0.51,91.46,13.76,37.0,67.72,77.75,0.95,100.0,100.0,100.0,100.0,100.0,2.56,99.75,102.84,101.84,100.0,99.35,2.61,17.01,7.33,45.52,0.19,53.61,14.42,28.67,0.37,71.45,7.16,26.87,74.68,5.09,0.69,2.38,14.08,94.89,69.17,14.07,1.77,71.39,7.16,26.84,74.51,5.09,0.69,2.38,70.64,21.76,74.31,4.12,0.56,1.93,0.62,7.34,6.37,100.0,0.12,0.16,0.25,-2.84,-1.84,0.65,-0.05,0.07,0.0,0.03,0.18,0.0,0.16,0.61,0.85,5.26,0.02,20.01,6.6,10.13,67.72,3.07,0.26,14.26,3.68,5.59,0.09
2016,0.8742916666666667,0.48110086433789184,60.4,37.48,0.83,87.05,0.1278,94.29,56.95,23.91,39.11,41.48,5.71,3.45,7.24,81.61,18.39,2026.74,24988.24,175530.98,5614.81,422.0,739.64,21181.08,1907.15,529.58,1252.83,49032.93,14597.92,70.81,-5.38,18.28,74.76,0.46,91.32,15.02,38.02,68.87,77.56,0.96,100.0,100.0,100.0,100.0,100.0,2.54,99.67,105.38,103.52,100.0,99.12,2.63,17.01,7.28,44.65,0.18,53.44,14.51,29.09,0.37,71.41,8.05,27.55,74.35,5.23,0.7,2.35,14.14,96.85,70.29,14.02,1.78,71.31,8.05,27.5,74.09,5.22,0.7,2.35,70.48,21.81,73.89,4.14,0.55,1.86,0.6,7.92,6.85,100.0,0.12,0.17,0.33,-5.38,-3.52,0.88,-0.09,0.1,0.0,0.04,0.26,0.0,0.16,0.61,0.85,5.31,0.02,19.91,6.97,10.47,68.87,3.21,0.27,14.29,3.73,5.78,0.09
2017,0.80625,0.3716489987351903,60.28,38.3,0.99,86.98,0.1262,94.23,56.81,24.0,39.28,41.68,5.77,3.48,7.25,81.61,18.39,2091.82,24968.71,175245.31,5621.21,423.12,739.64,21153.2,1906.54,530.45,1251.98,49278.31,14613.6,70.73,-5.14,17.86,74.6,0.46,91.04,13.26,36.15,67.69,76.77,0.94,100.0,100.0,100.0,100.0,100.0,2.6,99.48,105.14,103.32,100.0,98.65,2.69,16.8,7.07,44.41,0.18,53.38,14.09,28.7,0.37,71.17,8.0,26.93,73.69,5.31,0.7,2.24,14.07,96.99,70.93,14.0,1.84,71.08,8.0,26.89,73.46,5.31,0.7,2.24,70.21,21.18,73.26,4.18,0.55,1.76,0.65,7.56,6.72,100.0,0.12,0.17,0.52,-5.14,-3.32,1.35,-0.09,0.09,0.0,0.04,0.23,0.0,0.16,0.58,0.84,5.48,0.02,19.87,5.26,9.22,67.69,3.07,0.24,14.39,3.65,5.8,0.1
2018,0.7478750000000001,0.35061291829917063,60.24,38.79,1.08,86.8,0.1248,94.23,56.77,24.09,39.3,41.71,5.77,3.48,7.43,81.61,18.39,2128.13,24981.59,174764.76,5623.5,425.05,739.64,21185.62,1906.56,536.29,1253.96,49328.94,14949.85,70.1,-4.89,17.36,74.17,0.46,90.28,13.01,35.31,68.06,76.47,0.95,100.0,100.0,100.0,100.0,100.0,2.68,99.58,104.89,103.23,100.0,98.91,2.76,16.69,6.93,44.7,0.19,52.96,13.64,28.23,0.37,70.59,7.76,26.19,73.4,5.38,0.7,2.18,14.56,96.28,71.06,14.31,1.9,70.55,7.76,26.18,73.29,5.38,0.7,2.18,69.68,20.59,73.08,4.23,0.55,1.72,0.67,8.06,7.15,100.0,0.12,0.19,0.42,-4.89,-3.23,1.09,-0.09,0.04,0.0,0.02,0.11,0.0,0.16,0.56,0.83,5.59,0.02,19.69,5.25,9.12,68.06,3.06,0.24,14.52,3.6,5.8,0.1
2019,0.7271666666666666,0.40876235965003754,60.22,39.96,1.28,86.78,0.1234,94.2,56.73,24.18,40.49,42.99,5.8,3.49,7.43,81.61,18.39,2197.53,24994.17,174336.22,5635.04,425.33,739.64,21279.13,1907.15,539.33,1254.92,49591.81,14923.64,70.13,-4.74,17.09,74.92,0.46,90.68,13.43,35.36,68.15,77.69,0.96,100.0,100.0,100.0,100.0,100.0,2.72,99.75,104.74,103.21,100.0,99.36,2.8,16.52,6.9,46.26,0.19,53.34,13.39,27.91,0.36,70.87,8.21,26.28,74.6,5.54,0.71,2.19,14.26,96.21,71.35,13.91,1.94,70.84,8.21,26.27,74.5,5.54,0.71,2.19,69.88,20.3,74.29,4.28,0.55,1.69,0.7,7.99,7.2,100.0,0.13,0.2,0.25,-4.74,-3.21,0.64,-0.09,0.04,0.0,0.01,0.09,0.0,0.16,0.54,0.8,5.29,0.02,19.81,5.21,9.08,68.15,3.09,0.25,14.75,3.56,5.75,0.1
2020,0.6189583333333334,0.40795220086231404,60.22,39.96,1.48,86.78,0.1222,94.2,56.73,24.27,40.49,42.99,5.8,3.49,7.43,81.61,18.39,2238.06,24998.81,173718.4,5640.28,425.33,739.64,21329.55,1906.39,540.91,1254.86,49734.81,15296.87,70.73,-5.29,18.89,76.92,0.47,91.26,14.43,38.26,68.09,80.0,0.96,100.0,100.0,100.0,100.0,100.0,2.51,99.87,105.29,103.5,100.0,99.68,2.6,17.18,7.86,48.76,0.2,53.41,14.52,27.74,0.36,71.53,8.66,28.46,76.89,5.61,0.71,2.14,13.66,96.74,69.26,12.42,1.74,71.49,8.66,28.44,76.8,5.6,0.71,2.14,70.6,22.39,76.6,4.41,0.56,1.69,0.73,7.94,7.18,100.0,0.13,0.18,0.13,-5.29,-3.5,0.32,-0.09,0.04,0.0,0.02,0.09,0.0,0.16,0.6,0.83,4.85,0.02,19.73,5.77,9.81,68.09,3.11,0.25,14.73,3.85,5.69,0.1
2021,0.694375,0.5230942065374492,0.0,0.0,0.0,0.0,0.0,0.0,0.0,0.0,0.0,0.0,0.0,0.0,0.0,0.0,0.0,2351.14,24999.77,173400.31,5661.12,429.61,739.64,21350.31,1906.74,540.89,1255.85,49919.64,15268.86,70.08,-5.75,17.21,75.56,0.46,89.72,13.99,36.37,68.24,77.52,0.97,100.0,100.0,100.0,100.0,100.0,2.68,99.29,105.75,103.66,100.0,98.22,2.78,16.89,7.23,46.18,0.19,52.44,13.62,27.43,0.36,70.46,8.35,26.9,74.39,5.7,0.72,2.08,14.43,96.79,70.75,13.42,1.89,70.29,8.35,26.83,73.98,5.69,0.72,2.07,69.37,20.87,73.78,4.43,0.56,1.61,0.74,8.41,7.59,100.0,0.13,0.2,0.71,-5.75,-3.66,1.78,-0.1,0.17,0.0,0.07,0.41,0.0,0.15,0.55,0.81,5.27,0.02,19.27,5.64,9.47,68.24,3.13,0.25,14.6,3.64,5.63,0.1
2022,0.7531249999999999,0.5064523079396432,0.0,0.0,0.0,0.0,0.0,0.0,0.0,0.0,0.0,0.0,0.0,0.0,0.0,0.0,0.0,2566.6,24970.44,172718.76,5687.26,438.37,739.64,21353.28,1906.77,540.38,1256.84,50436.69,15208.85,69.2,-5.39,16.49,74.77,0.46,88.9,13.78,35.31,64.59,77.47,0.99,100.0,100.0,100.0,100.0,100.0,2.79,99.71,105.39,103.64,100.0,99.27,2.89,17.14,7.1,46.8,0.2,51.75,13.02,27.12,0.36,69.9,8.19,26.07,74.31,5.81,0.73,2.05,15.46,96.23,71.4,14.16,1.99,69.87,8.19,26.06,74.22,5.81,0.73,2.05,68.91,20.14,74.05,4.49,0.56,1.58,0.76,8.65,7.84,100.0,0.13,0.22,0.29,-5.39,-3.64,0.73,-0.1,0.04,0.0,0.01,0.09,0.0,0.15,0.51,0.78,5.32,0.02,19.0,5.59,9.24,64.59,3.16,0.26,14.43,3.49,5.61,0.1
2023,0.7533333333333334,0.5632834383186301,0.0,0.0,0.0,0.0,0.0,0.0,0.0,0.0,0.0,0.0,0.0,0.0,0.0,0.0,0.0,3943.11,19887.62,199378.71,2337.03,484.68,384.75,8753.56,1010.72,0.0,6754.19,54887.08,0.0,68.48,-4.93,15.54,74.05,0.46,88.06,12.59,33.15,61.39,76.98,0.98,100.0,100.0,100.0,100.0,100.0,2.96,99.8,104.93,103.44,100.0,99.51,3.07,16.88,6.69,46.58,0.2,51.39,12.28,26.88,0.36,69.27,7.49,24.52,73.86,5.85,0.73,2.0,16.12,95.96,72.57,14.76,2.15,69.22,7.49,24.5,73.74,5.85,0.73,2.0,68.28,18.97,73.57,4.53,0.56,1.55,0.79,8.51,7.83,100.0,0.13,0.23,0.2,-4.93,-3.44,0.49,-0.1,0.05,0.0,0.02,0.12,0.0,0.15,0.47,0.75,5.45,0.02,18.79,5.09,8.63,61.39,3.12,0.26,14.47,3.32,5.6,0.1
2024,0.8486250000000001,0.3887127935501548,0.0,0.0,0.0,0.0,0.0,0.0,0.0,0.0,0.0,0.0,0.0,0.0,0.0,0.0,0.0,3952.42,19835.4,199613.39,2275.96,476.49,314.76,7708.98,1020.07,0.0,6492.29,56131.76,0.0,0.0,0.0,0.0,0.0,0.0,0.0,0.0,0.0,0.0,0.0,0.0,0.0,0.0,0.0,0.0,0.0,0.0,0.0,0.0,0.0,0.0,0.0,0.0,0.0,0.0,0.0,0.0,0.0,0.0,0.0,0.0,0.0,0.0,0.0,0.0,0.0,0.0,0.0,0.0,0.0,0.0,0.0,0.0,0.0,0.0,0.0,0.0,0.0,0.0,0.0,0.0,0.0,0.0,0.0,0.0,0.0,0.0,0.0,0.0,0.0,0.0,0.0,0.0,0.0,0.0,0.0,0.0,0.0,0.0,0.0,0.0,0.0,0.0,0.0,0.0,0.0,0.0,0.0,0.0,0.0,0.0,0.0,0.0,0.0,0.0,0.0,0.0
2025,0.748125,0.568221658563689,0.0,0.0,0.0,0.0,0.0,0.0,0.0,0.0,0.0,0.0,0.0,0.0,0.0,0.0,0.0,0.0,0.0,0.0,0.0,0.0,0.0,0.0,0.0,0.0,0.0,0.0,0.0,0.0,0.0,0.0,0.0,0.0,0.0,0.0,0.0,0.0,0.0,0.0,0.0,0.0,0.0,0.0,0.0,0.0,0.0,0.0,0.0,0.0,0.0,0.0,0.0,0.0,0.0,0.0,0.0,0.0,0.0,0.0,0.0,0.0,0.0,0.0,0.0,0.0,0.0,0.0,0.0,0.0,0.0,0.0,0.0,0.0,0.0,0.0,0.0,0.0,0.0,0.0,0.0,0.0,0.0,0.0,0.0,0.0,0.0,0.0,0.0,0.0,0.0,0.0,0.0,0.0,0.0,0.0,0.0,0.0,0.0,0.0,0.0,0.0,0.0,0.0,0.0,0.0,0.0,0.0,0.0,0.0,0.0,0.0,0.0,0.0,0.0,0.0
