Year,temp_change_abs,barren_land,tree_cover,emissions_share
1961,0.08079166666666666,,,
1962,0.10175000000000001,,,
1963,0.3009583333333333,,,
1964,0.2592083333333333,,,
1965,0.26316666666666666,,,
1966,0.4265833333333333,,,
1967,0.21783333333333332,,,
1968,0.14479166666666668,,,
1969,0.4575833333333333,,,
1970,0.24687499999999998,,,
1971,0.025000000000000005,,,
1972,0.3315416666666667,,,
1973,0.38716666666666666,,,
1974,0.2962916666666667,,,
1975,0.1506666666666667,,,
1976,0.33625,,,
1977,0.35958333333333337,,,
1978,0.2024166666666667,,,
1979,0.4660416666666667,,,
1980,0.47983333333333333,,,
1981,0.3055833333333334,,,
1982,0.3125833333333334,,,
1983,0.17870833333333336,,,
1984,0.25045833333333334,,,
1985,0.4034583333333333,,,
1986,0.34320833333333334,,,
1987,0.5877916666666666,,,
1988,0.552125,,,
1989,0.25854166666666667,,,
1990,0.288625,,,65.72
1991,0.37366666666666665,,,64.48
1992,0.32508333333333334,1217.06,48580.13,63.36
1993,0.40762499999999996,1216.97,48581.92,63.19
1994,0.345375,1216.83,48583.66,61.97
1995,0.448,1215.25,48380.67,60.73
1996,0.4350833333333333,1216.24,48429.0,58.35
1997,0.2669166666666667,1216.62,48379.09,57.54
1998,0.606375,1217.6,48267.21,57.35
1999,0.5341666666666667,1219.07,48211.53,55.21
2000,0.4864583333333334,1223.7,48388.1,54.21
2001,0.5530833333333333,1223.75,48268.6,48.04
2002,0.737,1225.06,48286.66,47.86
2003,0.6032083333333333,1230.11,48372.27,47.23
2004,0.60525,1232.09,48507.95,46.29
2005,0.5589583333333333,1234.34,48509.89,44.99
2006,0.6845416666666667,1234.66,48518.84,45.61
2007,0.6055,1237.8,48565.77,43.23
2008,0.500375,1240.54,48563.6,41.67
2009,0.8610416666666666,1242.85,48554.57,39.56
2010,0.8382083333333333,1246.45,48544.13,40.1
2011,0.5203333333333333,1248.59,48552.08,39.75
2012,0.5669583333333333,1251.53,48544.7,37.63
2013,0.5035,1253.47,48551.05,40.88
2014,0.55525,1252.33,48530.77,38.82
2015,0.7212083333333333,1252.31,48542.14,37.0
2016,0.8742916666666667,1252.83,49032.93,38.02
2017,0.80625,1251.98,49278.31,36.15
2018,0.7478750000000001,1253.96,49328.94,35.31
2019,0.7271666666666666,1254.92,49591.81,35.36
2020,0.6189583333333334,1254.86,49734.81,38.26
2021,0.694375,1255.85,49919.64,36.37
2022,0.7531249999999999,1256.84,50436.69,35.31
2023,0.7533333333333334,,,33.15
2024,0.8486250000000001,,,
2025,0.748125,,,
