year,actual,predicted
1981,0.30558333,0.4550677
1982,0.31258333,0.2839937
1983,0.17870833,0.29015827
1984,0.25045833,0.24764858
1985,0.40345833,0.2916295
1986,0.34320834,0.32269076
1987,0.5877917,0.30754045
1988,0.552125,0.47549787
1989,0.25854167,0.45231116
1990,0.288625,0.22897205
1991,0.37366667,0.3675665
1992,0.32508335,0.327186
1993,0.407625,0.33458164
1994,0.345375,0.34921262
1995,0.448,0.33656242
1996,0.43508333,0.42925194
1997,0.26691666,0.3390067
1998,0.606375,0.34613147
1999,0.5341667,0.46737012
2000,0.48645833,0.3771739
2001,0.55308336,0.4763532
2002,0.737,0.5554982
2003,0.60320836,0.5932358
2004,0.60525,0.5683269
2005,0.55895835,0.6205606
2006,0.68454164,0.40941665
2007,0.6055,0.62748176
2008,0.500375,0.49940157
2009,0.86104167,0.57338154
2010,0.8382083,0.5827598
2011,0.52033335,0.6996572
2012,0.5669583,0.68448645
2013,0.5035,0.5543218
2014,0.55525,0.53004557
2015,0.72120833,0.53703624
2016,0.87429166,0.558495
2017,0.80625,0.7553233
2018,0.747875,0.7302344
2019,0.72716665,0.73675036
2020,0.61895835,0.6098096
2021,0.694375,0.57956135
2022,0.753125,0.57240325
2023,0.75333333,0.62411326
2024,0.848625,0.59287316
2025,0.748125,0.6778885
